-- phpMyAdmin SQL Dump
-- version 4.7.4
-- https://www.phpmyadmin.net/
--
-- Host: localhost
-- Creato il: Mar 12, 2018 alle 08:04
-- Versione del server: 10.1.26-MariaDB
-- Versione PHP: 7.1.9

SET SQL_MODE = "NO_AUTO_VALUE_ON_ZERO";
SET AUTOCOMMIT = 0;
START TRANSACTION;
SET time_zone = "+00:00";


/*!40101 SET @OLD_CHARACTER_SET_CLIENT=@@CHARACTER_SET_CLIENT */;
/*!40101 SET @OLD_CHARACTER_SET_RESULTS=@@CHARACTER_SET_RESULTS */;
/*!40101 SET @OLD_COLLATION_CONNECTION=@@COLLATION_CONNECTION */;
/*!40101 SET NAMES utf8mb4 */;

--
-- Database: `PlaylistVideo`
--
CREATE DATABASE IF NOT EXISTS `PlaylistVideo` DEFAULT CHARACTER SET utf8 COLLATE utf8_general_ci;
USE `PlaylistVideo`;

-- --------------------------------------------------------

--
-- Struttura della tabella `autore`
--

CREATE TABLE `autore` (
  `id` int(11) NOT NULL,
  `nome` varchar(128) NOT NULL,
  `cognome` varchar(128) NOT NULL,
  `email` varchar(255) NOT NULL,
  `data_nascita` date NOT NULL,
  `avatar` varchar(255) NOT NULL,
  `is_label` tinyint(1) NOT NULL,
  `verifica` tinyint(1) NOT NULL
) ENGINE=InnoDB DEFAULT CHARSET=utf8;

--
-- Dump dei dati per la tabella `autore`
--

INSERT INTO `autore` (`id`, `nome`, `cognome`, `email`, `data_nascita`, `avatar`, `is_label`, `verifica`) VALUES
(1, 'Abbondanzio', 'ROSSI', 'Abbondanzio.ROSSI@email.com', '1978-02-07', 'https://robohash.org/quibusdameahic.png?size=100x100&set=set1', 0, 0),
(2, 'Abbondio', 'FERRARI', 'Abbondio.FERRARI@email.com', '1977-04-26', 'https://robohash.org/errornatusomnis.png?size=100x100&set=set1', 0, 0),
(3, 'Abele', 'RUSSO', 'Abele.RUSSO@email.com', '1986-04-28', 'https://robohash.org/voluptasnostrumrerum.png?size=100x100&set=set1', 0, 1),
(4, 'Abramo', 'BIANCHI', 'Abramo.BIANCHI@email.com', '1984-08-31', 'https://robohash.org/rerumblanditiisinventore.png?size=100x100&set=set1', 0, 1),
(5, 'Achille', 'ROMANO', 'Achille.ROMANO@email.com', '1982-07-29', 'https://robohash.org/verovoluptasest.png?size=100x100&set=set1', 0, 0),
(6, 'Abaco', 'GALLO', 'Abaco.GALLO@email.com', '1974-01-01', 'https://robohash.org/temporibusautdolorem.png?size=100x100&set=set1', 1, 1),
(7, 'Adalberto', 'COSTA', 'Adalberto.COSTA@email.com', '1985-01-08', 'https://robohash.org/ametestet.png?size=100x100&set=set1', 0, 0),
(8, 'Adalfredo', 'FONTANA', 'Adalfredo.FONTANA@email.com', '1985-04-11', 'https://robohash.org/dolorquiaratione.png?size=100x100&set=set1', 0, 0),
(9, 'Adalgiso', 'CONTI', 'Adalgiso.CONTI@email.com', '1971-05-05', 'https://robohash.org/asperioresaliquamaccusantium.png?size=100x100&set=set1', 0, 1),
(10, 'Adalrico', 'ESPOSITO', 'Adalrico.ESPOSITO@email.com', '1984-10-27', 'https://robohash.org/estnamomnis.png?size=100x100&set=set1', 0, 0),
(11, 'Adamo', 'RICCI', 'Adamo.RICCI@email.com', '1985-05-25', 'https://robohash.org/sitdeseruntdolorem.png?size=100x100&set=set1', 0, 0),
(12, 'Adelfo', 'BRUNO', 'Adelfo.BRUNO@email.com', '1977-03-10', 'https://robohash.org/impeditnonnulla.png?size=100x100&set=set1', 1, 1),
(13, 'Adelmo', 'RIZZO', 'Adelmo.RIZZO@email.com', '1973-02-14', 'https://robohash.org/saepequiomnis.png?size=100x100&set=set1', 0, 0),
(14, 'Ado', 'MORETTI', 'Ado.MORETTI@email.com', '1971-07-18', 'https://robohash.org/porromaioresdolorem.png?size=100x100&set=set1', 1, 0),
(15, 'Adolfo', 'DELUCA', 'Adolfo.DELUCA@email.com', '1986-08-14', 'https://robohash.org/abvelitnon.png?size=100x100&set=set1', 1, 1),
(16, 'Adone', 'MARINO', 'Adone.MARINO@email.com', '1974-08-16', 'https://robohash.org/dolortemporareprehenderit.png?size=100x100&set=set1', 0, 0),
(17, 'Adorato', 'GRECO', 'Adorato.GRECO@email.com', '1988-04-26', 'https://robohash.org/etvoluptatesest.png?size=100x100&set=set1', 1, 1),
(18, 'Adriano', 'BARBIERI', 'Adriano.BARBIERI@email.com', '1977-11-14', 'https://robohash.org/velittotamodit.png?size=100x100&set=set1', 0, 0),
(19, 'Azzurro', 'LOMBARDI', 'Azzurro.LOMBARDI@email.com', '1985-09-17', 'https://robohash.org/omniscumaut.png?size=100x100&set=set1', 0, 0),
(20, 'Agapito', 'ROSSI', 'Agapito.ROSSI@email.com', '1982-03-25', 'https://robohash.org/laborumoccaecatiquidem.png?size=100x100&set=set1', 1, 0),
(21, 'Agostino', 'FERRARI', 'Agostino.FERRARI@email.com', '1974-05-26', 'https://robohash.org/asitea.png?size=100x100&set=set1', 0, 0),
(22, 'Aidano', 'RUSSO', 'Aidano.RUSSO@email.com', '1975-12-24', 'https://robohash.org/rerumvoluptatesdicta.png?size=100x100&set=set1', 0, 0),
(23, 'Aimone', 'BIANCHI', 'Aimone.BIANCHI@email.com', '1989-02-19', 'https://robohash.org/voluptatemetatque.png?size=100x100&set=set1', 1, 1),
(24, 'Aladino', 'ROMANO', 'Aladino.ROMANO@email.com', '1978-09-08', 'https://robohash.org/eiussedminima.png?size=100x100&set=set1', 1, 0),
(25, 'Alarico', 'GALLO', 'Alarico.GALLO@email.com', '1980-12-27', 'https://robohash.org/ducimusatquevoluptate.png?size=100x100&set=set1', 0, 1),
(26, 'Albano', 'COSTA', 'Albano.COSTA@email.com', '1985-01-23', 'https://robohash.org/reiciendisquivoluptates.png?size=100x100&set=set1', 0, 0),
(27, 'Alberico', 'FONTANA', 'Alberico.FONTANA@email.com', '1989-07-06', 'https://robohash.org/consequunturearumsit.png?size=100x100&set=set1', 1, 1),
(28, 'Alberto', 'CONTI', 'Alberto.CONTI@email.com', '1974-02-26', 'https://robohash.org/illoquoporro.png?size=100x100&set=set1', 0, 1),
(29, 'Alceo', 'ESPOSITO', 'Alceo.ESPOSITO@email.com', '1983-04-13', 'https://robohash.org/quiabeataeblanditiis.png?size=100x100&set=set1', 1, 1),
(30, 'Alcide', 'RICCI', 'Alcide.RICCI@email.com', '1986-06-25', 'https://robohash.org/utisteeum.png?size=100x100&set=set1', 0, 1),
(31, 'Alderico', 'BRUNO', 'Alderico.BRUNO@email.com', '1980-09-22', 'https://robohash.org/suscipittemporeid.png?size=100x100&set=set1', 0, 0),
(32, 'Aldo', 'RIZZO', 'Aldo.RIZZO@email.com', '1980-08-31', 'https://robohash.org/idautexercitationem.png?size=100x100&set=set1', 1, 0),
(33, 'Aldobrando', 'MORETTI', 'Aldobrando.MORETTI@email.com', '1983-04-08', 'https://robohash.org/iureinventoreat.png?size=100x100&set=set1', 1, 0),
(34, 'Aleardo', 'DELUCA', 'Aleardo.DELUCA@email.com', '1983-09-04', 'https://robohash.org/inetvoluptatibus.png?size=100x100&set=set1', 0, 1),
(35, 'Aleramo', 'MARINO', 'Aleramo.MARINO@email.com', '1970-10-14', 'https://robohash.org/velvelitpariatur.png?size=100x100&set=set1', 1, 1),
(36, 'Alessandro', 'GRECO', 'Alessandro.GRECO@email.com', '1986-12-28', 'https://robohash.org/quiexplicabodolores.png?size=100x100&set=set1', 1, 0),
(37, 'Alessio', 'BARBIERI', 'Alessio.BARBIERI@email.com', '1983-09-27', 'https://robohash.org/etmaioresfuga.png?size=100x100&set=set1', 0, 0),
(38, 'Alfiero', 'LOMBARDI', 'Alfiero.LOMBARDI@email.com', '1972-12-24', 'https://robohash.org/necessitatibusvoluptatemexcepturi.png?size=100x100&set=set1', 1, 1),
(39, 'Alfio', 'ROSSI', 'Alfio.ROSSI@email.com', '1978-05-09', 'https://robohash.org/estiurequi.png?size=100x100&set=set1', 0, 0),
(40, 'Alfonso', 'FERRARI', 'Alfonso.FERRARI@email.com', '1985-04-10', 'https://robohash.org/quoteneturest.png?size=100x100&set=set1', 0, 1),
(41, 'Alfredo', 'RUSSO', 'Alfredo.RUSSO@email.com', '1976-09-01', 'https://robohash.org/etdolorminus.png?size=100x100&set=set1', 0, 1),
(42, 'Alighiero', 'BIANCHI', 'Alighiero.BIANCHI@email.com', '1970-03-07', 'https://robohash.org/voluptasquiesse.png?size=100x100&set=set1', 0, 0),
(43, 'Almiro', 'ROMANO', 'Almiro.ROMANO@email.com', '1976-05-28', 'https://robohash.org/ipsaquibusdamipsam.png?size=100x100&set=set1', 0, 1),
(44, 'Alvaro', 'GALLO', 'Alvaro.GALLO@email.com', '1989-08-04', 'https://robohash.org/eligendicommodiconsequatur.png?size=100x100&set=set1', 1, 0),
(45, 'Alvise', 'COSTA', 'Alvise.COSTA@email.com', '1986-06-28', 'https://robohash.org/velearumblanditiis.png?size=100x100&set=set1', 0, 0),
(46, 'Amabile', 'FONTANA', 'Amabile.FONTANA@email.com', '1980-03-29', 'https://robohash.org/dolormaximesapiente.png?size=100x100&set=set1', 1, 0),
(47, 'Amalio', 'CONTI', 'Amalio.CONTI@email.com', '1986-03-08', 'https://robohash.org/sintmolestiaererum.png?size=100x100&set=set1', 1, 1),
(48, 'Amanzio', 'ESPOSITO', 'Amanzio.ESPOSITO@email.com', '1981-01-12', 'https://robohash.org/oditnullaamet.png?size=100x100&set=set1', 0, 0),
(49, 'Amaranto', 'RICCI', 'Amaranto.RICCI@email.com', '1987-08-22', 'https://robohash.org/quaequiaquaerat.png?size=100x100&set=set1', 0, 0),
(50, 'Amato', 'BRUNO', 'Amato.BRUNO@email.com', '1985-05-16', 'https://robohash.org/fugitdeseruntcum.png?size=100x100&set=set1', 1, 0),
(51, 'Ambrogio', 'RIZZO', 'Ambrogio.RIZZO@email.com', '1985-08-02', 'https://robohash.org/minimaexveritatis.png?size=100x100&set=set1', 0, 0),
(53, 'Amelio', 'DELUCA', 'Amelio.DELUCA@email.com', '1970-03-01', 'https://robohash.org/sedaquam.png?size=100x100&set=set1', 1, 0);

-- --------------------------------------------------------

--
-- Struttura della tabella `playlist`
--

CREATE TABLE `playlist` (
  `id` int(10) UNSIGNED NOT NULL,
  `nome` varchar(128) NOT NULL,
  `descrizione` varchar(255) DEFAULT NULL,
  `id_autore` int(10) NOT NULL
) ENGINE=InnoDB DEFAULT CHARSET=utf8;

--
-- Dump dei dati per la tabella `playlist`
--

INSERT INTO `playlist` (`id`, `nome`, `descrizione`, `id_autore`) VALUES
(1, 'amet sem fusce consequat', 'Duis consequat dui nec nisi volutpat eleifend.', 23),
(2, 'massa donec dapibus duis at', 'Morbi sem mauris, laoreet ut, rhoncus aliquet, pulvinar sed, nisl.', 27),
(3, 'porttitor lorem id ligula', 'Ut at dolor quis odio consequat varius. Integer ac leo.', 21),
(4, 'ante ipsum primis in', 'Nam congue, risus semper porta volutpat, quam pede lobortis ligula, sit amet eleifend pede libero quis orci. Nullam molestie nibh in lectus.', 18),
(5, 'sit amet diam', 'Nam ultrices, libero non mattis pulvinar, nulla pede ullamcorper augue, a suscipit nulla elit ac nulla.', 15),
(6, 'sagittis dui vel nisl duis', 'Sed accumsan felis. Ut at dolor quis odio consequat varius.', 18),
(7, 'at lorem integer tincidunt ante', 'Phasellus in felis.', 27),
(8, 'velit id pretium', 'Phasellus id sapien in sapien iaculis congue. Vivamus metus arcu, adipiscing molestie, hendrerit at, vulputate vitae, nisl.', 22),
(9, 'eu felis fusce posuere felis', 'Aenean fermentum. Donec ut mauris eget massa tempor convallis.', 28),
(10, 'dis parturient montes', 'Nulla suscipit ligula in lacus. Curabitur at ipsum ac tellus semper interdum.', 22),
(11, 'curabitur in libero', 'Morbi non quam nec dui luctus rutrum.', 20),
(12, 'luctus et ultrices', 'Suspendisse potenti.', 29),
(13, 'dolor vel est donec', NULL, 19),
(14, 'nec dui luctus rutrum nulla', NULL, 13),
(15, 'donec pharetra magna vestibulum', 'Proin risus. Praesent lectus.', 13),
(16, 'auctor sed tristique in tempus', 'Suspendisse potenti. In eleifend quam a odio.', 20),
(17, 'semper rutrum nulla nunc purus', 'Sed vel enim sit amet nunc viverra dapibus.', 13),
(18, 'tellus nulla ut erat', 'Nulla facilisi. Cras non velit nec nisi vulputate nonummy.', 20),
(19, 'orci eget orci vehicula condimentum', 'Vestibulum quam sapien, varius ut, blandit non, interdum in, ante. Vestibulum ante ipsum primis in faucibus orci luctus et ultrices posuere cubilia Curae; Duis faucibus accumsan odio.', 28),
(20, 'ultrices libero non', NULL, 27),
(21, 'nunc viverra dapibus nulla suscipit', 'Maecenas pulvinar lobortis est. Phasellus sit amet erat.', 25),
(22, 'in porttitor pede justo', 'Praesent blandit. Nam nulla.', 29),
(23, 'sit amet nulla quisque arcu', NULL, 30),
(24, 'imperdiet et commodo vulputate justo', NULL, 12),
(25, 'non quam nec dui', 'Nulla justo. Aliquam quis turpis eget elit sodales scelerisque.', 29),
(26, 'vestibulum sed magna at nunc', 'Quisque id justo sit amet sapien dignissim vestibulum. Vestibulum ante ipsum primis in faucibus orci luctus et ultrices posuere cubilia Curae; Nulla dapibus dolor vel est.', 15),
(27, 'nibh in hac habitasse platea', NULL, 23),
(28, 'ipsum integer a nibh in', 'Nulla mollis molestie lorem. Quisque ut erat.', 12),
(29, 'adipiscing lorem vitae mattis', NULL, 26),
(30, 'pede malesuada in imperdiet et', NULL, 19),
(31, 'vivamus metus arcu', 'Morbi vel lectus in quam fringilla rhoncus. Mauris enim leo, rhoncus sed, vestibulum sit amet, cursus id, turpis.', 24),
(32, 'augue quam sollicitudin vitae', 'Integer aliquet, massa id lobortis convallis, tortor risus dapibus augue, vel accumsan tellus nisi eu orci.', 11),
(33, 'vulputate vitae nisl aenean lectus', NULL, 16),
(34, 'sagittis dui vel nisl duis', NULL, 29),
(35, 'in quam fringilla', 'Integer a nibh.', 23),
(36, 'curabitur at ipsum ac tellus', 'Phasellus sit amet erat.', 16),
(37, 'sem praesent id', 'Cras pellentesque volutpat dui. Maecenas tristique, est et tempus semper, est quam pharetra magna, ac consequat metus sapien ut nunc.', 23),
(38, 'elit proin interdum', NULL, 21),
(39, 'in hac habitasse platea', 'Vivamus vel nulla eget eros elementum pellentesque.', 20),
(40, 'sed vel enim sit amet', 'Fusce congue, diam id ornare imperdiet, sapien urna pretium nisl, ut volutpat sapien arcu sed augue. Aliquam erat volutpat.', 29),
(41, 'nibh in hac habitasse platea', NULL, 16),
(42, 'condimentum neque sapien placerat', NULL, 23),
(43, 'nam dui proin leo', 'In hac habitasse platea dictumst.', 24),
(44, 'justo sollicitudin ut', NULL, 19),
(45, 'in congue etiam justo etiam', 'In hac habitasse platea dictumst.', 18),
(46, 'id massa id nisl', 'Aliquam non mauris.', 13),
(47, 'felis sed lacus morbi sem', 'Sed sagittis. Nam congue, risus semper porta volutpat, quam pede lobortis ligula, sit amet eleifend pede libero quis orci.', 11),
(48, 'ante nulla justo aliquam quis', NULL, 11),
(49, 'montes nascetur ridiculus', 'In congue. Etiam justo.', 13),
(50, 'luctus et ultrices', NULL, 12),
(51, 'felis fusce posuere', 'Lorem ipsum dolor sit amet, consectetuer adipiscing elit.', 29),
(52, 'pellentesque ultrices phasellus id sapien', 'Etiam vel augue. Vestibulum rutrum rutrum neque.', 10),
(53, 'nisi venenatis tristique', 'Integer ac leo. Pellentesque ultrices mattis odio.', 15),
(54, 'etiam pretium iaculis', 'Morbi sem mauris, laoreet ut, rhoncus aliquet, pulvinar sed, nisl.', 28),
(55, 'massa id nisl', NULL, 24),
(56, 'in hac habitasse platea', 'Maecenas ut massa quis augue luctus tincidunt.', 26),
(57, 'proin leo odio porttitor id', 'Morbi sem mauris, laoreet ut, rhoncus aliquet, pulvinar sed, nisl. Nunc rhoncus dui vel sem.', 23),
(58, 'maecenas ut massa quis augue', NULL, 16),
(59, 'odio odio elementum eu', 'Donec quis orci eget orci vehicula condimentum.', 13),
(60, 'ipsum praesent blandit lacinia', 'Nulla facilisi.', 13),
(61, 'sagittis dui vel nisl', 'Praesent lectus. Vestibulum quam sapien, varius ut, blandit non, interdum in, ante.', 29),
(62, 'in tempor turpis', 'Morbi quis tortor id nulla ultrices aliquet. Maecenas leo odio, condimentum id, luctus nec, molestie sed, justo.', 28),
(63, 'in consequat ut nulla', 'Nulla tellus. In sagittis dui vel nisl.', 12),
(64, 'vitae mattis nibh ligula', 'Cum sociis natoque penatibus et magnis dis parturient montes, nascetur ridiculus mus.', 12),
(65, 'id sapien in sapien iaculis', 'Morbi vestibulum, velit id pretium iaculis, diam erat fermentum justo, nec condimentum neque sapien placerat ante.', 13),
(66, 'aliquam non mauris morbi', NULL, 11),
(67, 'donec diam neque vestibulum', 'Sed accumsan felis. Ut at dolor quis odio consequat varius.', 29),
(68, 'in sagittis dui vel', NULL, 22),
(69, 'eget vulputate ut ultrices', 'Nulla tempus. Vivamus in felis eu sapien cursus vestibulum.', 12),
(70, 'nisi vulputate nonummy maecenas', 'Suspendisse ornare consequat lectus.', 20),
(71, 'eu tincidunt in', 'Donec ut dolor. Morbi vel lectus in quam fringilla rhoncus.', 22),
(72, 'nisi vulputate nonummy', 'Suspendisse accumsan tortor quis turpis. Sed ante.', 16),
(73, 'primis in faucibus orci', 'Fusce congue, diam id ornare imperdiet, sapien urna pretium nisl, ut volutpat sapien arcu sed augue. Aliquam erat volutpat.', 11),
(74, 'volutpat erat quisque', 'Cras mi pede, malesuada in, imperdiet et, commodo vulputate, justo.', 19),
(75, 'mi sit amet', 'Nullam molestie nibh in lectus. Pellentesque at nulla.', 16),
(76, 'convallis nunc proin', NULL, 11),
(77, 'nisl duis ac nibh', 'Donec posuere metus vitae ipsum.', 24),
(78, 'sodales sed tincidunt', 'Curabitur gravida nisi at nibh.', 20),
(79, 'integer aliquet massa', NULL, 14),
(80, 'odio odio elementum eu interdum', 'Mauris lacinia sapien quis libero. Nullam sit amet turpis elementum ligula vehicula consequat.', 18),
(81, 'cursus id turpis integer aliquet', NULL, 21),
(82, 'placerat praesent blandit nam nulla', 'Lorem ipsum dolor sit amet, consectetuer adipiscing elit. Proin risus.', 27),
(83, 'ante ipsum primis', 'Vivamus vel nulla eget eros elementum pellentesque. Quisque porta volutpat erat.', 26),
(84, 'a libero nam dui proin', 'In quis justo. Maecenas rhoncus aliquam lacus.', 18),
(85, 'eros vestibulum ac est lacinia', 'Aenean sit amet justo.', 22),
(86, 'nulla nisl nunc', NULL, 20),
(87, 'ultrices posuere cubilia curae', 'Donec posuere metus vitae ipsum.', 24),
(88, 'praesent id massa id', NULL, 16),
(89, 'amet eros suspendisse accumsan tortor', NULL, 25),
(90, 'dapibus nulla suscipit ligula in', 'Fusce posuere felis sed lacus. Morbi sem mauris, laoreet ut, rhoncus aliquet, pulvinar sed, nisl.', 29),
(91, 'hac habitasse platea dictumst maecenas', NULL, 14),
(92, 'cras mi pede', 'Aenean lectus. Pellentesque eget nunc.', 25),
(93, 'tincidunt eu felis', 'Morbi a ipsum.', 14),
(94, 'lacinia sapien quis libero nullam', 'Donec posuere metus vitae ipsum.', 21),
(95, 'aliquam non mauris morbi', 'Duis bibendum. Morbi non quam nec dui luctus rutrum.', 20),
(96, 'pede libero quis', NULL, 13),
(97, 'nulla sed accumsan felis ut', NULL, 28),
(98, 'maecenas pulvinar lobortis', 'Fusce congue, diam id ornare imperdiet, sapien urna pretium nisl, ut volutpat sapien arcu sed augue. Aliquam erat volutpat.', 14),
(99, 'a pede posuere nonummy integer', 'Lorem ipsum dolor sit amet, consectetuer adipiscing elit.', 26),
(100, 'ut erat curabitur gravida nisi', 'Aenean sit amet justo. Morbi ut odio.', 10);

-- --------------------------------------------------------

--
-- Struttura della tabella `playlist_video`
--

CREATE TABLE `playlist_video` (
  `id_playlist` int(10) UNSIGNED NOT NULL,
  `id_video` int(10) UNSIGNED NOT NULL,
  `ord` int(2) NOT NULL
) ENGINE=InnoDB DEFAULT CHARSET=utf8;

--
-- Dump dei dati per la tabella `playlist_video`
--

INSERT INTO `playlist_video` (`id_playlist`, `id_video`, `ord`) VALUES
(100, 574, 0),
(76, 8, 0),
(51, 635, 0),
(71, 31, 0),
(54, 319, 0),
(94, 869, 0),
(7, 110, 0),
(96, 205, 0),
(92, 22, 0),
(45, 318, 0),
(11, 410, 0),
(56, 845, 0),
(16, 557, 0),
(84, 477, 0),
(67, 319, 0),
(54, 789, 0),
(33, 523, 0),
(4, 273, 0),
(76, 438, 0),
(45, 103, 0),
(42, 528, 0),
(3, 560, 0),
(96, 488, 0),
(35, 548, 0),
(42, 39, 0),
(34, 696, 0),
(45, 605, 0),
(72, 810, 0),
(79, 453, 0),
(63, 585, 0),
(77, 398, 0),
(80, 663, 0),
(62, 621, 0),
(43, 213, 0),
(100, 790, 0),
(71, 605, 0),
(100, 705, 0),
(82, 519, 0),
(46, 273, 0),
(27, 821, 0),
(82, 725, 0),
(26, 696, 0),
(13, 443, 0),
(94, 210, 0),
(53, 147, 0),
(60, 612, 0),
(17, 362, 0),
(14, 745, 0),
(12, 422, 0),
(99, 668, 0),
(41, 996, 0),
(95, 703, 0),
(14, 679, 0),
(97, 109, 0),
(2, 490, 0),
(36, 818, 0),
(75, 379, 0),
(38, 785, 0),
(64, 422, 0),
(92, 859, 0),
(66, 752, 0),
(1, 265, 0),
(71, 390, 0),
(6, 588, 0),
(25, 340, 0),
(76, 433, 0),
(11, 556, 0),
(54, 663, 0),
(57, 404, 0),
(44, 529, 0),
(31, 72, 0),
(4, 499, 0),
(47, 683, 0),
(31, 819, 0),
(79, 881, 0),
(79, 598, 0),
(82, 422, 0),
(26, 409, 0),
(51, 954, 0),
(1, 120, 0),
(85, 521, 0),
(44, 553, 0),
(80, 487, 0),
(86, 745, 0),
(26, 31, 0),
(59, 868, 0),
(47, 550, 0),
(82, 331, 0),
(84, 128, 0),
(81, 647, 0),
(13, 613, 0),
(28, 813, 0),
(46, 492, 0),
(17, 696, 0),
(64, 776, 0),
(9, 275, 0),
(21, 811, 0),
(13, 63, 0),
(1, 23, 0),
(44, 939, 0),
(32, 664, 0),
(30, 154, 0),
(12, 772, 0),
(30, 702, 0),
(88, 504, 0),
(23, 561, 0),
(50, 596, 0),
(94, 36, 0),
(15, 873, 0),
(33, 593, 0),
(91, 781, 0),
(57, 80, 0),
(1, 119, 0),
(56, 165, 0),
(1, 887, 0),
(83, 207, 0),
(25, 530, 0),
(38, 213, 0),
(93, 803, 0),
(9, 246, 0),
(47, 60, 0),
(33, 888, 0),
(4, 194, 0),
(74, 457, 0),
(76, 4, 0),
(12, 43, 0),
(31, 204, 0),
(23, 910, 0),
(28, 136, 0),
(52, 569, 0),
(12, 468, 0),
(42, 407, 0),
(68, 158, 0),
(60, 224, 0),
(45, 420, 0),
(70, 833, 0),
(65, 23, 0),
(50, 339, 0),
(19, 289, 0),
(76, 629, 0),
(13, 328, 0),
(79, 777, 0),
(58, 25, 0),
(30, 324, 0),
(83, 39, 0),
(44, 645, 0),
(21, 519, 0),
(10, 578, 0),
(89, 979, 0),
(72, 589, 0),
(95, 197, 0),
(81, 397, 0),
(25, 177, 0),
(76, 697, 0),
(52, 749, 0),
(54, 140, 0),
(44, 236, 0),
(87, 995, 0),
(38, 309, 0),
(71, 677, 0),
(60, 277, 0),
(62, 285, 0),
(52, 472, 0),
(90, 506, 0),
(38, 773, 0),
(51, 530, 0),
(2, 679, 0),
(68, 906, 0),
(93, 185, 0),
(37, 884, 0),
(8, 420, 0),
(1, 170, 0),
(5, 809, 0),
(7, 64, 0),
(66, 877, 0),
(6, 22, 0),
(65, 81, 0),
(70, 257, 0),
(43, 750, 0),
(67, 565, 0),
(2, 279, 0),
(60, 625, 0),
(84, 69, 0),
(60, 628, 0),
(82, 19, 0),
(14, 112, 0),
(40, 55, 0),
(92, 422, 0),
(47, 378, 0),
(20, 928, 0),
(1, 819, 0),
(33, 362, 0),
(5, 198, 0),
(93, 88, 0),
(47, 394, 0),
(69, 440, 0),
(46, 333, 0),
(34, 509, 0),
(61, 693, 0),
(14, 421, 0),
(67, 458, 0),
(75, 272, 0),
(41, 65, 0),
(66, 654, 0),
(19, 903, 0),
(7, 593, 0),
(79, 278, 0),
(70, 169, 0),
(56, 382, 0),
(96, 587, 0),
(26, 554, 0),
(97, 766, 0),
(49, 924, 0),
(79, 258, 0),
(71, 260, 0),
(61, 980, 0),
(41, 394, 0),
(9, 193, 0),
(97, 298, 0),
(97, 958, 0),
(30, 522, 0),
(70, 210, 0),
(65, 409, 0),
(45, 448, 0),
(4, 745, 0),
(71, 711, 0),
(24, 636, 0),
(68, 493, 0),
(18, 399, 0),
(39, 139, 0),
(41, 288, 0),
(42, 503, 0),
(28, 377, 0),
(79, 272, 0),
(78, 141, 0),
(81, 145, 0),
(14, 414, 0),
(94, 737, 0),
(71, 805, 0),
(62, 411, 0),
(75, 960, 0),
(37, 769, 0),
(49, 324, 0),
(93, 623, 0),
(92, 330, 0),
(99, 97, 0),
(45, 623, 0),
(91, 576, 0),
(10, 176, 0),
(31, 285, 0),
(69, 420, 0),
(54, 973, 0),
(62, 504, 0),
(79, 183, 0),
(80, 934, 0),
(68, 446, 0),
(76, 176, 0),
(14, 602, 0),
(91, 245, 0),
(22, 780, 0),
(12, 553, 0),
(10, 449, 0),
(56, 285, 0),
(28, 65, 0),
(90, 274, 0),
(14, 139, 0),
(17, 514, 0),
(56, 554, 0),
(3, 344, 0),
(52, 392, 0),
(38, 454, 0),
(57, 752, 0),
(24, 199, 0),
(90, 799, 0),
(3, 701, 0),
(21, 547, 0),
(76, 399, 0),
(56, 996, 0),
(62, 524, 0),
(51, 364, 0),
(14, 813, 0),
(91, 338, 0),
(19, 211, 0),
(27, 440, 0),
(31, 162, 0),
(50, 950, 0),
(58, 149, 0),
(31, 734, 0),
(77, 258, 0),
(31, 185, 0),
(71, 595, 0),
(4, 226, 0),
(57, 984, 0),
(27, 914, 0),
(37, 331, 0),
(55, 966, 0),
(91, 896, 0),
(61, 919, 0),
(93, 256, 0),
(79, 986, 0),
(36, 513, 0),
(93, 872, 0),
(8, 396, 0),
(62, 209, 0),
(29, 286, 0),
(11, 746, 0),
(59, 373, 0),
(27, 981, 0),
(5, 109, 0),
(48, 422, 0),
(47, 624, 0),
(67, 961, 0),
(29, 189, 0),
(71, 12, 0),
(14, 679, 0),
(6, 860, 0),
(37, 921, 0),
(2, 672, 0),
(2, 686, 0),
(39, 160, 0),
(90, 235, 0),
(77, 233, 0),
(74, 604, 0),
(4, 129, 0),
(56, 713, 0),
(13, 848, 0),
(6, 984, 0),
(25, 158, 0),
(38, 321, 0),
(84, 526, 0),
(38, 68, 0),
(99, 991, 0),
(27, 195, 0),
(29, 235, 0),
(92, 331, 0),
(25, 474, 0),
(37, 233, 0),
(32, 586, 0),
(71, 424, 0),
(37, 289, 0),
(89, 633, 0),
(65, 794, 0),
(30, 1, 0),
(53, 439, 0),
(75, 883, 0),
(4, 69, 0),
(69, 291, 0),
(36, 988, 0),
(57, 945, 0),
(2, 751, 0),
(82, 821, 0),
(97, 567, 0),
(31, 991, 0),
(62, 83, 0),
(69, 810, 0),
(19, 979, 0),
(68, 97, 0),
(24, 989, 0),
(73, 236, 0),
(20, 427, 0),
(63, 781, 0),
(6, 394, 0),
(60, 702, 0),
(7, 204, 0),
(55, 272, 0),
(33, 362, 0),
(37, 918, 0),
(80, 412, 0),
(66, 174, 0),
(64, 362, 0),
(18, 804, 0),
(44, 710, 0),
(90, 728, 0),
(93, 53, 0),
(34, 997, 0),
(66, 525, 0),
(74, 455, 0),
(40, 569, 0),
(5, 121, 0),
(56, 999, 0),
(48, 912, 0),
(68, 512, 0),
(40, 25, 0),
(78, 783, 0),
(56, 960, 0),
(97, 651, 0),
(82, 776, 0),
(53, 684, 0),
(100, 783, 0),
(95, 161, 0),
(74, 581, 0),
(54, 500, 0),
(33, 761, 0),
(52, 371, 0),
(58, 220, 0),
(9, 291, 0),
(82, 228, 0),
(42, 993, 0),
(81, 335, 0),
(100, 467, 0),
(10, 815, 0),
(81, 430, 0),
(37, 190, 0),
(8, 361, 0),
(88, 923, 0),
(61, 112, 0),
(71, 621, 0),
(7, 754, 0),
(100, 219, 0),
(84, 221, 0),
(23, 187, 0),
(70, 269, 0),
(27, 339, 0),
(17, 369, 0),
(77, 338, 0),
(83, 768, 0),
(33, 282, 0),
(41, 636, 0),
(8, 987, 0),
(68, 976, 0),
(24, 918, 0),
(77, 228, 0),
(91, 673, 0),
(73, 67, 0),
(2, 680, 0),
(33, 581, 0),
(99, 773, 0),
(62, 930, 0),
(71, 388, 0),
(6, 995, 0),
(8, 198, 0),
(25, 587, 0),
(5, 857, 0),
(3, 918, 0),
(66, 580, 0),
(47, 627, 0),
(8, 444, 0),
(2, 202, 0),
(15, 853, 0),
(65, 668, 0),
(19, 551, 0),
(77, 179, 0),
(49, 641, 0),
(11, 291, 0),
(58, 1, 0),
(74, 590, 0),
(39, 205, 0),
(78, 789, 0),
(12, 5, 0),
(77, 656, 0),
(15, 236, 0),
(21, 694, 0),
(39, 279, 0),
(10, 243, 0),
(90, 760, 0),
(7, 321, 0),
(85, 721, 0),
(31, 569, 0),
(65, 868, 0),
(65, 351, 0),
(57, 920, 0),
(56, 16, 0),
(89, 774, 0),
(10, 124, 0),
(97, 653, 0),
(93, 108, 0),
(29, 124, 0),
(100, 61, 0),
(11, 766, 0),
(21, 302, 0),
(57, 151, 0),
(78, 315, 0),
(21, 82, 0),
(81, 663, 0),
(83, 215, 0),
(95, 916, 0),
(76, 621, 0),
(7, 365, 0),
(10, 621, 0),
(75, 545, 0),
(41, 875, 0),
(13, 551, 0),
(37, 554, 0),
(58, 760, 0),
(63, 142, 0),
(20, 497, 0),
(15, 316, 0),
(77, 630, 0),
(82, 759, 0),
(97, 741, 0),
(64, 355, 0),
(47, 930, 0),
(76, 127, 0),
(100, 713, 0),
(7, 768, 0),
(91, 13, 0),
(49, 582, 0),
(44, 505, 0),
(66, 429, 0),
(81, 347, 0),
(77, 876, 0),
(82, 785, 0),
(68, 281, 0),
(92, 334, 0),
(67, 55, 0),
(53, 796, 0),
(54, 656, 0),
(51, 520, 0),
(80, 879, 0),
(25, 278, 0),
(100, 42, 0),
(39, 621, 0),
(97, 21, 0),
(41, 924, 0),
(47, 121, 0),
(41, 511, 0),
(22, 327, 0),
(11, 270, 0),
(94, 720, 0),
(22, 274, 0),
(72, 821, 0),
(43, 978, 0),
(32, 181, 0),
(81, 569, 0),
(65, 999, 0),
(93, 764, 0),
(8, 535, 0),
(14, 636, 0),
(22, 432, 0),
(10, 947, 0),
(34, 694, 0),
(88, 986, 0),
(92, 208, 0),
(44, 896, 0),
(31, 712, 0),
(84, 312, 0),
(88, 901, 0),
(52, 36, 0),
(86, 895, 0),
(70, 277, 0),
(18, 644, 0),
(63, 245, 0),
(54, 874, 0),
(75, 661, 0),
(61, 750, 0),
(57, 350, 0),
(15, 783, 0),
(20, 376, 0),
(42, 194, 0),
(2, 95, 0),
(50, 440, 0),
(40, 344, 0),
(31, 739, 0),
(29, 342, 0),
(39, 746, 0),
(96, 820, 0),
(22, 667, 0),
(18, 32, 0),
(21, 919, 0),
(39, 473, 0),
(80, 894, 0),
(32, 705, 0),
(92, 695, 0),
(90, 321, 0),
(72, 186, 0),
(65, 269, 0),
(18, 838, 0),
(90, 235, 0),
(84, 173, 0),
(73, 903, 0),
(65, 151, 0),
(38, 688, 0),
(63, 825, 0),
(68, 802, 0),
(43, 345, 0),
(3, 40, 0),
(97, 834, 0),
(77, 176, 0),
(94, 62, 0),
(94, 997, 0),
(68, 386, 0),
(96, 293, 0),
(82, 550, 0),
(71, 930, 0),
(97, 458, 0),
(47, 559, 0),
(9, 766, 0),
(24, 491, 0),
(38, 21, 0),
(98, 683, 0),
(53, 337, 0),
(42, 229, 0),
(6, 612, 0),
(39, 628, 0),
(97, 979, 0),
(50, 131, 0),
(45, 116, 0),
(81, 854, 0),
(53, 910, 0),
(16, 478, 0),
(61, 949, 0),
(15, 193, 0),
(72, 232, 0),
(21, 452, 0),
(19, 770, 0),
(13, 325, 0),
(32, 925, 0),
(32, 14, 0),
(79, 657, 0),
(48, 198, 0),
(4, 869, 0),
(56, 505, 0),
(20, 152, 0),
(66, 997, 0),
(81, 292, 0),
(16, 92, 0),
(96, 950, 0),
(18, 429, 0),
(9, 752, 0),
(29, 292, 0),
(55, 627, 0),
(35, 39, 0),
(41, 935, 0),
(13, 458, 0),
(28, 324, 0),
(59, 146, 0),
(31, 716, 0),
(43, 142, 0),
(86, 834, 0),
(57, 585, 0),
(1, 281, 0),
(55, 496, 0),
(89, 470, 0),
(20, 649, 0),
(32, 452, 0),
(48, 700, 0),
(71, 426, 0),
(49, 719, 0),
(38, 285, 0),
(12, 187, 0),
(94, 677, 0),
(82, 352, 0),
(75, 956, 0),
(24, 686, 0),
(71, 950, 0),
(39, 26, 0),
(7, 245, 0),
(5, 480, 0),
(82, 118, 0),
(75, 837, 0),
(23, 673, 0),
(45, 647, 0),
(70, 498, 0),
(47, 663, 0),
(58, 926, 0),
(66, 927, 0),
(99, 819, 0),
(52, 913, 0),
(78, 920, 0),
(52, 212, 0),
(54, 571, 0),
(12, 766, 0),
(8, 179, 0),
(13, 159, 0),
(84, 87, 0),
(10, 459, 0),
(64, 416, 0),
(38, 968, 0),
(47, 772, 0),
(59, 197, 0),
(2, 246, 0),
(64, 458, 0),
(82, 615, 0),
(18, 35, 0),
(73, 169, 0),
(79, 159, 0),
(64, 630, 0),
(57, 619, 0),
(4, 362, 0),
(8, 393, 0),
(33, 283, 0),
(46, 253, 0),
(40, 348, 0),
(49, 749, 0),
(90, 207, 0),
(24, 294, 0),
(74, 149, 0),
(71, 378, 0),
(1, 872, 0),
(54, 744, 0),
(7, 397, 0),
(96, 36, 0),
(10, 630, 0),
(12, 915, 0),
(56, 230, 0),
(27, 853, 0),
(89, 735, 0),
(72, 336, 0),
(47, 190, 0),
(57, 348, 0),
(76, 695, 0),
(86, 359, 0),
(64, 827, 0),
(38, 361, 0),
(99, 590, 0),
(27, 845, 0),
(59, 886, 0),
(95, 995, 0),
(38, 218, 0),
(49, 25, 0),
(88, 147, 0),
(82, 287, 0),
(60, 960, 0),
(43, 708, 0),
(85, 293, 0),
(59, 728, 0),
(78, 407, 0),
(23, 198, 0),
(98, 190, 0),
(92, 298, 0),
(38, 640, 0),
(28, 594, 0),
(25, 714, 0),
(11, 576, 0),
(100, 380, 0),
(95, 820, 0),
(99, 468, 0),
(30, 816, 0),
(6, 513, 0),
(8, 74, 0),
(6, 276, 0),
(50, 238, 0),
(82, 171, 0),
(18, 260, 0),
(82, 364, 0),
(32, 69, 0),
(73, 758, 0),
(14, 442, 0),
(69, 736, 0),
(9, 668, 0),
(37, 756, 0),
(41, 358, 0),
(25, 654, 0),
(74, 676, 0),
(48, 854, 0),
(90, 972, 0),
(38, 54, 0),
(4, 672, 0),
(77, 889, 0),
(64, 288, 0),
(48, 214, 0),
(68, 674, 0),
(71, 806, 0),
(18, 111, 0),
(79, 489, 0),
(25, 860, 0),
(82, 57, 0),
(75, 480, 0),
(55, 170, 0),
(16, 247, 0),
(48, 428, 0),
(35, 849, 0),
(69, 720, 0),
(22, 389, 0),
(3, 581, 0),
(1, 238, 0),
(19, 100, 0),
(51, 337, 0),
(44, 302, 0),
(87, 589, 0),
(79, 466, 0),
(87, 31, 0),
(50, 149, 0),
(86, 756, 0),
(34, 853, 0),
(4, 309, 0),
(67, 997, 0),
(66, 204, 0),
(34, 640, 0),
(29, 502, 0),
(16, 593, 0),
(43, 338, 0),
(79, 587, 0),
(77, 985, 0),
(97, 741, 0),
(60, 836, 0),
(100, 880, 0),
(21, 607, 0),
(9, 303, 0),
(91, 17, 0),
(55, 475, 0),
(45, 113, 0),
(9, 701, 0),
(33, 759, 0),
(33, 67, 0),
(95, 801, 0),
(30, 335, 0),
(4, 975, 0),
(100, 201, 0),
(23, 611, 0),
(54, 771, 0),
(18, 899, 0),
(5, 952, 0),
(5, 293, 0),
(57, 354, 0),
(87, 109, 0),
(23, 426, 0),
(41, 36, 0),
(58, 688, 0),
(5, 795, 0),
(30, 102, 0),
(15, 219, 0),
(80, 753, 0),
(4, 283, 0),
(80, 123, 0),
(63, 875, 0),
(8, 636, 0),
(52, 395, 0),
(23, 1, 0),
(49, 380, 0),
(40, 269, 0),
(49, 175, 0),
(30, 645, 0),
(77, 571, 0),
(70, 164, 0),
(15, 859, 0),
(29, 822, 0),
(3, 199, 0),
(67, 242, 0),
(12, 597, 0),
(97, 113, 0),
(30, 516, 0),
(8, 810, 0),
(8, 674, 0),
(90, 168, 0),
(99, 765, 0),
(40, 288, 0),
(25, 823, 0),
(32, 495, 0),
(41, 208, 0),
(14, 568, 0),
(72, 246, 0),
(78, 98, 0),
(9, 248, 0),
(63, 580, 0),
(91, 524, 0),
(71, 191, 0),
(2, 258, 0),
(24, 52, 0),
(57, 159, 0),
(5, 267, 0),
(2, 342, 0),
(97, 863, 0),
(16, 188, 0),
(31, 813, 0),
(46, 985, 0),
(73, 879, 0),
(17, 549, 0),
(3, 91, 0),
(11, 533, 0),
(53, 549, 0),
(16, 381, 0),
(10, 679, 0),
(64, 572, 0),
(82, 911, 0),
(87, 370, 0),
(62, 529, 0),
(59, 336, 0),
(10, 345, 0),
(23, 573, 0),
(40, 91, 0),
(45, 410, 0),
(41, 484, 0),
(23, 101, 0),
(94, 785, 0),
(66, 499, 0),
(65, 889, 0),
(70, 966, 0),
(64, 601, 0),
(26, 956, 0),
(61, 689, 0),
(100, 407, 0),
(61, 626, 0),
(9, 330, 0),
(42, 959, 0),
(56, 846, 0),
(23, 698, 0),
(91, 919, 0),
(9, 278, 0),
(97, 798, 0),
(27, 944, 0),
(27, 332, 0),
(12, 283, 0),
(74, 130, 0),
(72, 510, 0),
(33, 746, 0),
(36, 294, 0),
(69, 6, 0),
(22, 231, 0),
(46, 80, 0),
(47, 351, 0),
(91, 840, 0),
(3, 82, 0),
(81, 242, 0),
(77, 91, 0),
(97, 690, 0),
(50, 537, 0),
(67, 624, 0),
(64, 965, 0),
(42, 933, 0),
(75, 829, 0),
(15, 12, 0),
(57, 314, 0),
(98, 360, 0),
(5, 756, 0),
(72, 163, 0),
(36, 491, 0),
(86, 615, 0),
(96, 88, 0),
(81, 311, 0),
(4, 749, 0),
(18, 915, 0),
(54, 717, 0),
(4, 239, 0),
(19, 40, 0),
(30, 175, 0),
(77, 722, 0),
(85, 129, 0),
(7, 937, 0),
(49, 683, 0),
(47, 115, 0),
(55, 796, 0),
(51, 368, 0),
(31, 850, 0),
(58, 963, 0),
(69, 852, 0),
(47, 151, 0),
(82, 575, 0),
(50, 382, 0),
(39, 465, 0),
(57, 127, 0),
(51, 492, 0),
(86, 403, 0),
(99, 754, 0),
(17, 932, 0),
(11, 868, 0),
(44, 434, 0),
(26, 21, 0),
(25, 510, 0),
(23, 907, 0),
(52, 499, 0),
(100, 353, 0),
(52, 88, 0),
(87, 395, 0),
(40, 700, 0),
(89, 176, 0),
(15, 55, 0),
(78, 176, 0),
(50, 728, 0),
(10, 462, 0),
(8, 443, 0),
(55, 730, 0),
(12, 61, 0),
(98, 583, 0),
(27, 261, 0),
(36, 176, 0),
(20, 372, 0),
(16, 246, 0),
(1, 488, 0),
(34, 625, 0),
(95, 337, 0),
(45, 53, 0),
(67, 675, 0),
(10, 735, 0),
(98, 670, 0),
(10, 832, 0),
(53, 703, 0),
(95, 477, 0),
(39, 66, 0),
(10, 998, 0),
(68, 71, 0),
(52, 333, 0),
(7, 558, 0),
(62, 144, 0),
(12, 409, 0),
(28, 431, 0),
(23, 66, 0),
(99, 348, 0),
(34, 424, 0),
(63, 466, 0),
(46, 722, 0),
(41, 343, 0),
(43, 375, 0),
(61, 175, 0),
(88, 797, 0),
(50, 547, 0),
(87, 145, 0),
(81, 77, 0),
(9, 836, 0),
(82, 922, 0);

-- --------------------------------------------------------

--
-- Struttura della tabella `video`
--

CREATE TABLE `video` (
  `id` int(10) NOT NULL,
  `id_autore` int(10) NOT NULL,
  `durata` int(11) NOT NULL,
  `titolo` varchar(128) NOT NULL,
  `video_url` varchar(255) NOT NULL,
  `visualizzazioni` int(10) NOT NULL
) ENGINE=InnoDB DEFAULT CHARSET=utf8;

--
-- Dump dei dati per la tabella `video`
--

INSERT INTO `video` (`id`, `id_autore`, `durata`, `titolo`, `video_url`, `visualizzazioni`) VALUES
(1, 31, 821, 'Optional high-level hierarchy', 'http://dummyimage.com/300x250.png/5fa2dd/ffffff', 1523),
(2, 28, 1679, 'Enhanced radical database', 'http://dummyimage.com/300x250.png/dddddd/000000', 1552),
(3, 24, 1181, 'Extended interactive open architecture', 'http://dummyimage.com/300x250.png/dddddd/000000', 352),
(4, 56, 2125, 'Operative mission-critical website', 'http://dummyimage.com/300x250.png/dddddd/000000', 331),
(5, 60, 660, 'Robust clear-thinking model', 'http://dummyimage.com/300x250.png/ff4444/ffffff', 1834),
(6, 35, 920, 'Up-sized intermediate structure', 'http://dummyimage.com/300x250.png/cc0000/ffffff', 1090),
(7, 43, 566, 'Organized user-facing conglomeration', 'http://dummyimage.com/300x250.png/dddddd/000000', 1328),
(8, 4, 818, 'Visionary 6th generation policy', 'http://dummyimage.com/300x250.png/dddddd/000000', 1219),
(9, 56, 1274, 'Multi-channelled high-level secured line', 'http://dummyimage.com/300x250.png/cc0000/ffffff', 213),
(10, 46, 75, 'Automated contextually-based application', 'http://dummyimage.com/300x250.png/5fa2dd/ffffff', 1310),
(11, 18, 214, 'Open-architected context-sensitive support', 'http://dummyimage.com/300x250.png/ff4444/ffffff', 1886),
(12, 43, 181, 'Multi-tiered high-level knowledge base', 'http://dummyimage.com/300x250.png/dddddd/000000', 188),
(13, 18, 929, 'Customer-focused empowering flexibility', 'http://dummyimage.com/300x250.png/5fa2dd/ffffff', 648),
(14, 20, 1379, 'Customizable eco-centric project', 'http://dummyimage.com/300x250.png/cc0000/ffffff', 902),
(15, 10, 1909, 'Open-source leading edge hierarchy', 'http://dummyimage.com/300x250.png/5fa2dd/ffffff', 1026),
(16, 24, 1300, 'Visionary mission-critical matrices', 'http://dummyimage.com/300x250.png/5fa2dd/ffffff', 1036),
(17, 10, 408, 'Implemented 6th generation implementation', 'http://dummyimage.com/300x250.png/5fa2dd/ffffff', 992),
(18, 30, 1437, 'User-friendly bi-directional throughput', 'http://dummyimage.com/300x250.png/dddddd/000000', 1753),
(19, 30, 878, 'Organized zero defect architecture', 'http://dummyimage.com/300x250.png/5fa2dd/ffffff', 1529),
(20, 16, 1174, 'Multi-channelled bi-directional groupware', 'http://dummyimage.com/300x250.png/dddddd/000000', 1898),
(21, 56, 840, 'Expanded value-added approach', 'http://dummyimage.com/300x250.png/5fa2dd/ffffff', 208),
(22, 57, 415, 'Realigned client-server capability', 'http://dummyimage.com/300x250.png/cc0000/ffffff', 863),
(23, 33, 1551, 'Fundamental dedicated toolset', 'http://dummyimage.com/300x250.png/dddddd/000000', 546),
(24, 24, 328, 'Reverse-engineered web-enabled middleware', 'http://dummyimage.com/300x250.png/5fa2dd/ffffff', 1916),
(25, 27, 391, 'Triple-buffered impactful time-frame', 'http://dummyimage.com/300x250.png/5fa2dd/ffffff', 330),
(26, 36, 916, 'Optimized responsive attitude', 'http://dummyimage.com/300x250.png/5fa2dd/ffffff', 390),
(27, 25, 132, 'Advanced object-oriented Graphic Interface', 'http://dummyimage.com/300x250.png/dddddd/000000', 1611),
(28, 29, 1819, 'Multi-layered holistic info-mediaries', 'http://dummyimage.com/300x250.png/5fa2dd/ffffff', 995),
(29, 30, 1828, 'Automated fresh-thinking interface', 'http://dummyimage.com/300x250.png/ff4444/ffffff', 1656),
(30, 18, 2189, 'Operative transitional framework', 'http://dummyimage.com/300x250.png/ff4444/ffffff', 1632),
(31, 21, 1254, 'User-centric executive core', 'http://dummyimage.com/300x250.png/5fa2dd/ffffff', 116),
(32, 44, 1800, 'Open-architected exuding superstructure', 'http://dummyimage.com/300x250.png/dddddd/000000', 843),
(33, 44, 1863, 'Expanded background implementation', 'http://dummyimage.com/300x250.png/cc0000/ffffff', 564),
(34, 19, 733, 'Robust background database', 'http://dummyimage.com/300x250.png/ff4444/ffffff', 1298),
(35, 50, 54, 'Cloned homogeneous focus group', 'http://dummyimage.com/300x250.png/5fa2dd/ffffff', 169),
(36, 10, 1668, 'Focused asynchronous process improvement', 'http://dummyimage.com/300x250.png/cc0000/ffffff', 1970),
(37, 53, 369, 'User-friendly cohesive archive', 'http://dummyimage.com/300x250.png/cc0000/ffffff', 1370),
(38, 38, 763, 'Triple-buffered stable encryption', 'http://dummyimage.com/300x250.png/ff4444/ffffff', 549),
(39, 59, 1941, 'Organic value-added customer loyalty', 'http://dummyimage.com/300x250.png/5fa2dd/ffffff', 363),
(40, 52, 1971, 'Vision-oriented web-enabled alliance', 'http://dummyimage.com/300x250.png/dddddd/000000', 1051),
(41, 31, 1450, 'Open-architected coherent concept', 'http://dummyimage.com/300x250.png/cc0000/ffffff', 713),
(42, 32, 1029, 'Advanced maximized internet solution', 'http://dummyimage.com/300x250.png/5fa2dd/ffffff', 1681),
(43, 7, 1072, 'Synergistic 5th generation process improvement', 'http://dummyimage.com/300x250.png/5fa2dd/ffffff', 590),
(44, 53, 247, 'Profound motivating methodology', 'http://dummyimage.com/300x250.png/ff4444/ffffff', 804),
(45, 22, 1118, 'Customizable disintermediate emulation', 'http://dummyimage.com/300x250.png/5fa2dd/ffffff', 941),
(46, 32, 231, 'Optimized 6th generation superstructure', 'http://dummyimage.com/300x250.png/dddddd/000000', 340),
(47, 48, 874, 'Distributed non-volatile methodology', 'http://dummyimage.com/300x250.png/5fa2dd/ffffff', 755),
(48, 46, 1060, 'Devolved object-oriented secured line', 'http://dummyimage.com/300x250.png/5fa2dd/ffffff', 1137),
(49, 34, 1679, 'Face to face solution-oriented hardware', 'http://dummyimage.com/300x250.png/cc0000/ffffff', 1312),
(50, 59, 1015, 'Progressive fault-tolerant challenge', 'http://dummyimage.com/300x250.png/5fa2dd/ffffff', 1098),
(51, 28, 1736, 'Persistent logistical archive', 'http://dummyimage.com/300x250.png/dddddd/000000', 1958),
(52, 36, 824, 'Quality-focused incremental open architecture', 'http://dummyimage.com/300x250.png/dddddd/000000', 1146),
(53, 1, 1385, 'Stand-alone web-enabled data-warehouse', 'http://dummyimage.com/300x250.png/ff4444/ffffff', 1340),
(54, 17, 835, 'Optimized real-time budgetary management', 'http://dummyimage.com/300x250.png/cc0000/ffffff', 1353),
(55, 59, 735, 'Cross-platform system-worthy pricing structure', 'http://dummyimage.com/300x250.png/dddddd/000000', 706),
(56, 40, 1508, 'Universal human-resource forecast', 'http://dummyimage.com/300x250.png/dddddd/000000', 1740),
(57, 5, 765, 'Programmable well-modulated circuit', 'http://dummyimage.com/300x250.png/cc0000/ffffff', 1013),
(58, 18, 287, 'Balanced intermediate synergy', 'http://dummyimage.com/300x250.png/dddddd/000000', 1319),
(59, 5, 105, 'Assimilated fault-tolerant encryption', 'http://dummyimage.com/300x250.png/dddddd/000000', 483),
(60, 32, 261, 'Innovative 4th generation approach', 'http://dummyimage.com/300x250.png/5fa2dd/ffffff', 920),
(61, 14, 147, 'Monitored radical system engine', 'http://dummyimage.com/300x250.png/5fa2dd/ffffff', 653),
(62, 35, 715, 'Configurable tertiary open architecture', 'http://dummyimage.com/300x250.png/ff4444/ffffff', 1394),
(63, 34, 1849, 'Virtual exuding local area network', 'http://dummyimage.com/300x250.png/dddddd/000000', 817),
(64, 40, 649, 'Multi-channelled mission-critical infrastructure', 'http://dummyimage.com/300x250.png/cc0000/ffffff', 1447),
(65, 46, 704, 'Expanded upward-trending hub', 'http://dummyimage.com/300x250.png/ff4444/ffffff', 1728),
(66, 25, 690, 'Progressive uniform infrastructure', 'http://dummyimage.com/300x250.png/dddddd/000000', 1942),
(67, 8, 63, 'Persistent bandwidth-monitored Graphic Interface', 'http://dummyimage.com/300x250.png/dddddd/000000', 619),
(68, 47, 892, 'Intuitive eco-centric groupware', 'http://dummyimage.com/300x250.png/ff4444/ffffff', 1725),
(69, 25, 2215, 'Operative composite matrix', 'http://dummyimage.com/300x250.png/ff4444/ffffff', 1054),
(70, 7, 2118, 'Enterprise-wide mobile infrastructure', 'http://dummyimage.com/300x250.png/5fa2dd/ffffff', 377),
(71, 15, 81, 'Customizable object-oriented productivity', 'http://dummyimage.com/300x250.png/5fa2dd/ffffff', 405),
(72, 23, 1357, 'Up-sized responsive intranet', 'http://dummyimage.com/300x250.png/dddddd/000000', 1176),
(73, 38, 115, 'Compatible needs-based capacity', 'http://dummyimage.com/300x250.png/dddddd/000000', 358),
(74, 7, 2168, 'Implemented scalable productivity', 'http://dummyimage.com/300x250.png/5fa2dd/ffffff', 509),
(75, 19, 823, 'Compatible intangible archive', 'http://dummyimage.com/300x250.png/ff4444/ffffff', 1656),
(76, 58, 537, 'Ergonomic reciprocal implementation', 'http://dummyimage.com/300x250.png/ff4444/ffffff', 42),
(77, 55, 977, 'Monitored heuristic capability', 'http://dummyimage.com/300x250.png/dddddd/000000', 1427),
(78, 28, 1076, 'Open-source 5th generation frame', 'http://dummyimage.com/300x250.png/5fa2dd/ffffff', 1080),
(79, 22, 1797, 'Sharable modular utilisation', 'http://dummyimage.com/300x250.png/cc0000/ffffff', 621),
(80, 47, 1192, 'Ergonomic cohesive open architecture', 'http://dummyimage.com/300x250.png/dddddd/000000', 992),
(81, 46, 1240, 'De-engineered 24 hour encoding', 'http://dummyimage.com/300x250.png/5fa2dd/ffffff', 1267),
(82, 28, 2180, 'Synergized multimedia projection', 'http://dummyimage.com/300x250.png/cc0000/ffffff', 1428),
(83, 33, 2038, 'Team-oriented well-modulated orchestration', 'http://dummyimage.com/300x250.png/dddddd/000000', 1434),
(84, 15, 798, 'Upgradable web-enabled access', 'http://dummyimage.com/300x250.png/cc0000/ffffff', 694),
(85, 30, 730, 'Monitored demand-driven time-frame', 'http://dummyimage.com/300x250.png/5fa2dd/ffffff', 479),
(86, 13, 1541, 'Synergistic non-volatile data-warehouse', 'http://dummyimage.com/300x250.png/cc0000/ffffff', 565),
(87, 48, 1669, 'Total dedicated middleware', 'http://dummyimage.com/300x250.png/dddddd/000000', 1679),
(88, 36, 2020, 'Synergistic incremental hierarchy', 'http://dummyimage.com/300x250.png/ff4444/ffffff', 753),
(89, 29, 467, 'Synergistic composite budgetary management', 'http://dummyimage.com/300x250.png/5fa2dd/ffffff', 126),
(90, 4, 1269, 'Phased optimal groupware', 'http://dummyimage.com/300x250.png/ff4444/ffffff', 457),
(91, 48, 642, 'Optimized 3rd generation utilisation', 'http://dummyimage.com/300x250.png/dddddd/000000', 833),
(92, 9, 1318, 'Virtual methodical array', 'http://dummyimage.com/300x250.png/ff4444/ffffff', 1989),
(93, 15, 99, 'Realigned fault-tolerant model', 'http://dummyimage.com/300x250.png/5fa2dd/ffffff', 1400),
(94, 46, 1604, 'Cross-platform modular forecast', 'http://dummyimage.com/300x250.png/cc0000/ffffff', 193),
(95, 54, 1934, 'Persistent context-sensitive projection', 'http://dummyimage.com/300x250.png/cc0000/ffffff', 967),
(96, 34, 475, 'Enhanced didactic alliance', 'http://dummyimage.com/300x250.png/ff4444/ffffff', 1078),
(97, 4, 455, 'Synergistic homogeneous encoding', 'http://dummyimage.com/300x250.png/ff4444/ffffff', 948),
(98, 48, 403, 'Persistent mobile contingency', 'http://dummyimage.com/300x250.png/cc0000/ffffff', 1220),
(99, 44, 2219, 'Customizable incremental success', 'http://dummyimage.com/300x250.png/ff4444/ffffff', 1959),
(100, 32, 2184, 'Sharable client-server interface', 'http://dummyimage.com/300x250.png/cc0000/ffffff', 1668),
(101, 17, 1228, 'Intuitive neutral service-desk', 'http://dummyimage.com/300x250.png/dddddd/000000', 1840),
(102, 9, 203, 'Profit-focused tangible groupware', 'http://dummyimage.com/300x250.png/ff4444/ffffff', 505),
(103, 42, 1585, 'Team-oriented next generation emulation', 'http://dummyimage.com/300x250.png/cc0000/ffffff', 956),
(104, 55, 1378, 'Integrated national projection', 'http://dummyimage.com/300x250.png/5fa2dd/ffffff', 745),
(105, 37, 1465, 'Diverse radical matrices', 'http://dummyimage.com/300x250.png/dddddd/000000', 1989),
(106, 5, 2211, 'Optional upward-trending software', 'http://dummyimage.com/300x250.png/cc0000/ffffff', 1838),
(107, 48, 1619, 'Stand-alone attitude-oriented parallelism', 'http://dummyimage.com/300x250.png/5fa2dd/ffffff', 1151),
(108, 28, 480, 'Switchable optimizing toolset', 'http://dummyimage.com/300x250.png/cc0000/ffffff', 135),
(109, 30, 581, 'Diverse global knowledge user', 'http://dummyimage.com/300x250.png/5fa2dd/ffffff', 423),
(110, 30, 1631, 'Implemented dedicated superstructure', 'http://dummyimage.com/300x250.png/cc0000/ffffff', 1718),
(111, 23, 325, 'Virtual executive superstructure', 'http://dummyimage.com/300x250.png/cc0000/ffffff', 460),
(112, 11, 334, 'Open-architected didactic firmware', 'http://dummyimage.com/300x250.png/cc0000/ffffff', 1566),
(113, 9, 436, 'Cross-platform demand-driven Graphical User Interface', 'http://dummyimage.com/300x250.png/ff4444/ffffff', 593),
(114, 31, 1609, 'Stand-alone attitude-oriented system engine', 'http://dummyimage.com/300x250.png/5fa2dd/ffffff', 513),
(115, 23, 784, 'Focused actuating projection', 'http://dummyimage.com/300x250.png/dddddd/000000', 658),
(116, 46, 1360, 'Ergonomic client-driven infrastructure', 'http://dummyimage.com/300x250.png/ff4444/ffffff', 1311),
(117, 29, 677, 'Versatile modular orchestration', 'http://dummyimage.com/300x250.png/cc0000/ffffff', 1791),
(118, 2, 2046, 'Open-source bandwidth-monitored website', 'http://dummyimage.com/300x250.png/dddddd/000000', 1274),
(119, 6, 201, 'Re-engineered methodical customer loyalty', 'http://dummyimage.com/300x250.png/dddddd/000000', 1730),
(120, 30, 1480, 'User-friendly well-modulated artificial intelligence', 'http://dummyimage.com/300x250.png/dddddd/000000', 1528),
(121, 20, 1338, 'Fundamental optimizing archive', 'http://dummyimage.com/300x250.png/dddddd/000000', 421),
(122, 45, 1963, 'Monitored reciprocal info-mediaries', 'http://dummyimage.com/300x250.png/5fa2dd/ffffff', 1086),
(123, 60, 849, 'Cross-group attitude-oriented definition', 'http://dummyimage.com/300x250.png/ff4444/ffffff', 631),
(124, 27, 1482, 'Secured dedicated help-desk', 'http://dummyimage.com/300x250.png/5fa2dd/ffffff', 155),
(125, 51, 64, 'De-engineered optimizing extranet', 'http://dummyimage.com/300x250.png/ff4444/ffffff', 357),
(126, 46, 2090, 'Universal intangible benchmark', 'http://dummyimage.com/300x250.png/dddddd/000000', 1364),
(127, 8, 1860, 'Sharable hybrid internet solution', 'http://dummyimage.com/300x250.png/ff4444/ffffff', 371),
(128, 16, 393, 'Progressive didactic knowledge base', 'http://dummyimage.com/300x250.png/ff4444/ffffff', 1930),
(129, 36, 1095, 'User-centric neutral leverage', 'http://dummyimage.com/300x250.png/cc0000/ffffff', 187),
(130, 49, 86, 'Front-line eco-centric methodology', 'http://dummyimage.com/300x250.png/cc0000/ffffff', 207),
(131, 44, 2001, 'User-centric zero tolerance circuit', 'http://dummyimage.com/300x250.png/dddddd/000000', 1508),
(132, 42, 1966, 'Compatible needs-based utilisation', 'http://dummyimage.com/300x250.png/cc0000/ffffff', 1758),
(133, 23, 1040, 'Synchronised encompassing leverage', 'http://dummyimage.com/300x250.png/5fa2dd/ffffff', 107),
(134, 3, 103, 'Triple-buffered radical instruction set', 'http://dummyimage.com/300x250.png/cc0000/ffffff', 1066),
(135, 57, 1001, 'Virtual reciprocal success', 'http://dummyimage.com/300x250.png/cc0000/ffffff', 975),
(136, 43, 227, 'Progressive didactic workforce', 'http://dummyimage.com/300x250.png/cc0000/ffffff', 555),
(137, 43, 1372, 'Managed actuating protocol', 'http://dummyimage.com/300x250.png/ff4444/ffffff', 1336),
(138, 32, 148, 'Business-focused multi-tasking algorithm', 'http://dummyimage.com/300x250.png/ff4444/ffffff', 1325),
(139, 13, 1988, 'Quality-focused composite success', 'http://dummyimage.com/300x250.png/ff4444/ffffff', 930),
(140, 56, 1329, 'Managed content-based instruction set', 'http://dummyimage.com/300x250.png/cc0000/ffffff', 458),
(141, 17, 1357, 'Seamless stable product', 'http://dummyimage.com/300x250.png/dddddd/000000', 1092),
(142, 18, 730, 'Profound responsive attitude', 'http://dummyimage.com/300x250.png/ff4444/ffffff', 1323),
(143, 2, 1743, 'Universal asynchronous complexity', 'http://dummyimage.com/300x250.png/cc0000/ffffff', 521),
(144, 54, 1673, 'Compatible tangible matrices', 'http://dummyimage.com/300x250.png/5fa2dd/ffffff', 603),
(145, 35, 787, 'Intuitive didactic methodology', 'http://dummyimage.com/300x250.png/ff4444/ffffff', 1230),
(146, 16, 1667, 'Reactive empowering secured line', 'http://dummyimage.com/300x250.png/ff4444/ffffff', 91),
(147, 58, 1347, 'Total empowering parallelism', 'http://dummyimage.com/300x250.png/dddddd/000000', 1286),
(148, 43, 236, 'Stand-alone systematic core', 'http://dummyimage.com/300x250.png/dddddd/000000', 1230),
(149, 29, 88, 'Visionary radical core', 'http://dummyimage.com/300x250.png/5fa2dd/ffffff', 1264),
(150, 47, 1230, 'Focused systematic pricing structure', 'http://dummyimage.com/300x250.png/5fa2dd/ffffff', 278),
(151, 20, 2124, 'Switchable optimal time-frame', 'http://dummyimage.com/300x250.png/ff4444/ffffff', 1307),
(152, 49, 931, 'Monitored didactic analyzer', 'http://dummyimage.com/300x250.png/cc0000/ffffff', 391),
(153, 31, 1954, 'Versatile client-driven projection', 'http://dummyimage.com/300x250.png/dddddd/000000', 37),
(154, 14, 1535, 'Persistent directional website', 'http://dummyimage.com/300x250.png/ff4444/ffffff', 1531),
(155, 60, 2107, 'Stand-alone contextually-based migration', 'http://dummyimage.com/300x250.png/dddddd/000000', 1450),
(156, 47, 2041, 'Organized user-facing conglomeration', 'http://dummyimage.com/300x250.png/5fa2dd/ffffff', 162),
(157, 21, 1927, 'Phased dynamic success', 'http://dummyimage.com/300x250.png/5fa2dd/ffffff', 573),
(158, 7, 1018, 'Diverse asynchronous core', 'http://dummyimage.com/300x250.png/cc0000/ffffff', 1813),
(159, 45, 803, 'Integrated well-modulated parallelism', 'http://dummyimage.com/300x250.png/dddddd/000000', 811),
(160, 44, 1598, 'Multi-lateral solution-oriented initiative', 'http://dummyimage.com/300x250.png/5fa2dd/ffffff', 166),
(161, 35, 675, 'Profit-focused exuding leverage', 'http://dummyimage.com/300x250.png/ff4444/ffffff', 714),
(162, 11, 961, 'Phased secondary hardware', 'http://dummyimage.com/300x250.png/ff4444/ffffff', 1455),
(163, 15, 553, 'Enterprise-wide multimedia secured line', 'http://dummyimage.com/300x250.png/5fa2dd/ffffff', 1738),
(164, 57, 1887, 'Open-source intermediate artificial intelligence', 'http://dummyimage.com/300x250.png/ff4444/ffffff', 1506),
(165, 36, 560, 'Streamlined impactful moderator', 'http://dummyimage.com/300x250.png/ff4444/ffffff', 1174),
(166, 54, 757, 'Reactive object-oriented encryption', 'http://dummyimage.com/300x250.png/cc0000/ffffff', 16),
(167, 47, 190, 'Compatible full-range collaboration', 'http://dummyimage.com/300x250.png/ff4444/ffffff', 343),
(168, 46, 1600, 'Reactive fault-tolerant projection', 'http://dummyimage.com/300x250.png/ff4444/ffffff', 675),
(169, 2, 1951, 'Pre-emptive 24/7 extranet', 'http://dummyimage.com/300x250.png/ff4444/ffffff', 1015),
(170, 60, 1465, 'Ergonomic local synergy', 'http://dummyimage.com/300x250.png/5fa2dd/ffffff', 1454),
(171, 1, 1417, 'Digitized actuating focus group', 'http://dummyimage.com/300x250.png/ff4444/ffffff', 1887),
(172, 16, 392, 'Seamless attitude-oriented database', 'http://dummyimage.com/300x250.png/dddddd/000000', 1300),
(173, 1, 95, 'Managed fresh-thinking info-mediaries', 'http://dummyimage.com/300x250.png/ff4444/ffffff', 47),
(174, 41, 1331, 'Cross-group bifurcated Graphical User Interface', 'http://dummyimage.com/300x250.png/dddddd/000000', 144),
(175, 44, 257, 'Cross-platform demand-driven model', 'http://dummyimage.com/300x250.png/ff4444/ffffff', 749),
(176, 42, 2097, 'Managed coherent moderator', 'http://dummyimage.com/300x250.png/5fa2dd/ffffff', 475),
(177, 19, 1406, 'Customer-focused 24 hour concept', 'http://dummyimage.com/300x250.png/dddddd/000000', 745),
(178, 24, 320, 'Business-focused even-keeled artificial intelligence', 'http://dummyimage.com/300x250.png/ff4444/ffffff', 902),
(179, 26, 253, 'Secured methodical pricing structure', 'http://dummyimage.com/300x250.png/5fa2dd/ffffff', 1233),
(180, 20, 1745, 'Persevering empowering synergy', 'http://dummyimage.com/300x250.png/cc0000/ffffff', 934),
(181, 4, 304, 'Diverse composite Graphic Interface', 'http://dummyimage.com/300x250.png/dddddd/000000', 1493),
(182, 1, 713, 'Devolved grid-enabled support', 'http://dummyimage.com/300x250.png/ff4444/ffffff', 212),
(183, 48, 852, 'Upgradable value-added access', 'http://dummyimage.com/300x250.png/5fa2dd/ffffff', 1815),
(184, 30, 460, 'Mandatory composite productivity', 'http://dummyimage.com/300x250.png/cc0000/ffffff', 1065),
(185, 2, 1734, 'Pre-emptive cohesive paradigm', 'http://dummyimage.com/300x250.png/dddddd/000000', 1432),
(186, 4, 1275, 'Polarised non-volatile function', 'http://dummyimage.com/300x250.png/cc0000/ffffff', 1521),
(187, 9, 1938, 'Universal neutral workforce', 'http://dummyimage.com/300x250.png/5fa2dd/ffffff', 1856),
(188, 25, 1826, 'Automated even-keeled product', 'http://dummyimage.com/300x250.png/ff4444/ffffff', 320),
(189, 9, 1070, 'Multi-channelled optimal core', 'http://dummyimage.com/300x250.png/ff4444/ffffff', 1256),
(190, 42, 1289, 'Expanded homogeneous circuit', 'http://dummyimage.com/300x250.png/dddddd/000000', 1753),
(191, 32, 1634, 'Compatible non-volatile moderator', 'http://dummyimage.com/300x250.png/ff4444/ffffff', 453),
(192, 13, 2181, 'Total homogeneous adapter', 'http://dummyimage.com/300x250.png/dddddd/000000', 1170),
(193, 56, 1913, 'De-engineered clear-thinking matrix', 'http://dummyimage.com/300x250.png/5fa2dd/ffffff', 609),
(194, 17, 1758, 'Cross-platform next generation functionalities', 'http://dummyimage.com/300x250.png/cc0000/ffffff', 640),
(195, 4, 49, 'Realigned optimal database', 'http://dummyimage.com/300x250.png/dddddd/000000', 1119),
(196, 31, 1094, 'Vision-oriented bottom-line product', 'http://dummyimage.com/300x250.png/cc0000/ffffff', 21),
(197, 4, 2099, 'Re-contextualized asynchronous neural-net', 'http://dummyimage.com/300x250.png/ff4444/ffffff', 1193),
(198, 52, 401, 'Customer-focused leading edge access', 'http://dummyimage.com/300x250.png/ff4444/ffffff', 1060),
(199, 14, 896, 'Polarised uniform secured line', 'http://dummyimage.com/300x250.png/dddddd/000000', 1337),
(200, 22, 744, 'Enterprise-wide 6th generation superstructure', 'http://dummyimage.com/300x250.png/ff4444/ffffff', 1673),
(201, 6, 145, 'Compatible empowering Graphic Interface', 'http://dummyimage.com/300x250.png/dddddd/000000', 1519),
(202, 18, 730, 'Switchable hybrid projection', 'http://dummyimage.com/300x250.png/ff4444/ffffff', 1108),
(203, 21, 2169, 'Vision-oriented disintermediate groupware', 'http://dummyimage.com/300x250.png/dddddd/000000', 1132),
(204, 5, 1113, 'Re-engineered composite hub', 'http://dummyimage.com/300x250.png/cc0000/ffffff', 1358),
(205, 59, 167, 'Grass-roots object-oriented standardization', 'http://dummyimage.com/300x250.png/cc0000/ffffff', 1986),
(206, 27, 1728, 'Persevering mission-critical focus group', 'http://dummyimage.com/300x250.png/ff4444/ffffff', 512),
(207, 38, 774, 'Fundamental hybrid circuit', 'http://dummyimage.com/300x250.png/cc0000/ffffff', 506),
(208, 49, 417, 'Balanced fresh-thinking core', 'http://dummyimage.com/300x250.png/dddddd/000000', 991),
(209, 49, 1385, 'Multi-channelled zero defect adapter', 'http://dummyimage.com/300x250.png/dddddd/000000', 1435),
(210, 46, 1544, 'Polarised 4th generation complexity', 'http://dummyimage.com/300x250.png/dddddd/000000', 158),
(211, 32, 324, 'Devolved executive Graphical User Interface', 'http://dummyimage.com/300x250.png/cc0000/ffffff', 309),
(212, 56, 731, 'Decentralized upward-trending frame', 'http://dummyimage.com/300x250.png/ff4444/ffffff', 1146),
(213, 8, 372, 'Exclusive hybrid throughput', 'http://dummyimage.com/300x250.png/dddddd/000000', 778),
(214, 18, 262, 'Intuitive attitude-oriented parallelism', 'http://dummyimage.com/300x250.png/5fa2dd/ffffff', 782),
(215, 6, 232, 'Visionary asynchronous model', 'http://dummyimage.com/300x250.png/cc0000/ffffff', 301),
(216, 29, 811, 'Proactive 6th generation moderator', 'http://dummyimage.com/300x250.png/cc0000/ffffff', 1135),
(217, 19, 1316, 'Public-key 24/7 contingency', 'http://dummyimage.com/300x250.png/cc0000/ffffff', 14),
(218, 5, 1870, 'Extended responsive leverage', 'http://dummyimage.com/300x250.png/ff4444/ffffff', 1528),
(219, 4, 2232, 'Balanced tangible website', 'http://dummyimage.com/300x250.png/cc0000/ffffff', 862),
(220, 8, 2102, 'Synergistic didactic middleware', 'http://dummyimage.com/300x250.png/cc0000/ffffff', 836),
(221, 16, 871, 'Fundamental uniform service-desk', 'http://dummyimage.com/300x250.png/5fa2dd/ffffff', 554),
(222, 37, 936, 'Extended analyzing projection', 'http://dummyimage.com/300x250.png/5fa2dd/ffffff', 1930),
(223, 12, 945, 'Focused local algorithm', 'http://dummyimage.com/300x250.png/ff4444/ffffff', 551),
(224, 54, 1031, 'Phased tertiary open architecture', 'http://dummyimage.com/300x250.png/ff4444/ffffff', 243),
(225, 54, 2111, 'Centralized leading edge framework', 'http://dummyimage.com/300x250.png/dddddd/000000', 1668),
(226, 8, 2023, 'Advanced zero defect array', 'http://dummyimage.com/300x250.png/5fa2dd/ffffff', 1647),
(227, 37, 1157, 'Profit-focused client-driven framework', 'http://dummyimage.com/300x250.png/ff4444/ffffff', 1819),
(228, 57, 1950, 'Proactive logistical support', 'http://dummyimage.com/300x250.png/ff4444/ffffff', 760),
(229, 23, 1927, 'Centralized even-keeled protocol', 'http://dummyimage.com/300x250.png/dddddd/000000', 620),
(230, 18, 2214, 'Diverse transitional interface', 'http://dummyimage.com/300x250.png/dddddd/000000', 1266),
(231, 53, 123, 'Reduced maximized challenge', 'http://dummyimage.com/300x250.png/cc0000/ffffff', 1439),
(232, 43, 1148, 'Proactive scalable parallelism', 'http://dummyimage.com/300x250.png/dddddd/000000', 1120),
(233, 44, 61, 'Advanced 6th generation implementation', 'http://dummyimage.com/300x250.png/dddddd/000000', 1595),
(234, 55, 2012, 'Fully-configurable incremental application', 'http://dummyimage.com/300x250.png/cc0000/ffffff', 814),
(235, 15, 1162, 'Multi-channelled motivating installation', 'http://dummyimage.com/300x250.png/cc0000/ffffff', 213),
(236, 58, 551, 'Fully-configurable dedicated encoding', 'http://dummyimage.com/300x250.png/5fa2dd/ffffff', 1810),
(237, 5, 1426, 'Synchronised real-time moratorium', 'http://dummyimage.com/300x250.png/cc0000/ffffff', 980),
(238, 33, 754, 'Digitized eco-centric infrastructure', 'http://dummyimage.com/300x250.png/dddddd/000000', 1703),
(239, 13, 286, 'Fully-configurable upward-trending forecast', 'http://dummyimage.com/300x250.png/5fa2dd/ffffff', 1432),
(240, 50, 1821, 'Switchable homogeneous complexity', 'http://dummyimage.com/300x250.png/dddddd/000000', 174),
(241, 30, 701, 'Focused fresh-thinking knowledge user', 'http://dummyimage.com/300x250.png/5fa2dd/ffffff', 1397),
(242, 50, 2174, 'Configurable needs-based artificial intelligence', 'http://dummyimage.com/300x250.png/ff4444/ffffff', 614),
(243, 6, 1178, 'Centralized homogeneous core', 'http://dummyimage.com/300x250.png/dddddd/000000', 1327),
(244, 28, 570, 'Persevering explicit intranet', 'http://dummyimage.com/300x250.png/5fa2dd/ffffff', 1914),
(245, 54, 963, 'Universal motivating extranet', 'http://dummyimage.com/300x250.png/cc0000/ffffff', 569),
(246, 18, 163, 'Operative multi-state capability', 'http://dummyimage.com/300x250.png/ff4444/ffffff', 944),
(247, 46, 268, 'Self-enabling user-facing service-desk', 'http://dummyimage.com/300x250.png/ff4444/ffffff', 1172),
(248, 44, 216, 'Balanced static database', 'http://dummyimage.com/300x250.png/5fa2dd/ffffff', 1373),
(249, 52, 2033, 'Robust 3rd generation archive', 'http://dummyimage.com/300x250.png/dddddd/000000', 1077),
(250, 53, 1930, 'Optional mission-critical matrices', 'http://dummyimage.com/300x250.png/ff4444/ffffff', 389),
(251, 48, 1946, 'Decentralized disintermediate capacity', 'http://dummyimage.com/300x250.png/ff4444/ffffff', 1287),
(252, 7, 919, 'Cross-platform empowering orchestration', 'http://dummyimage.com/300x250.png/dddddd/000000', 31),
(253, 28, 466, 'Secured contextually-based encoding', 'http://dummyimage.com/300x250.png/ff4444/ffffff', 1400),
(254, 14, 1231, 'Reactive value-added success', 'http://dummyimage.com/300x250.png/dddddd/000000', 293),
(255, 36, 1799, 'Robust content-based info-mediaries', 'http://dummyimage.com/300x250.png/cc0000/ffffff', 1491),
(256, 28, 313, 'Horizontal non-volatile throughput', 'http://dummyimage.com/300x250.png/5fa2dd/ffffff', 669),
(257, 31, 1056, 'Diverse leading edge challenge', 'http://dummyimage.com/300x250.png/dddddd/000000', 727),
(258, 44, 247, 'Extended context-sensitive analyzer', 'http://dummyimage.com/300x250.png/cc0000/ffffff', 737),
(259, 2, 1328, 'Inverse well-modulated encoding', 'http://dummyimage.com/300x250.png/cc0000/ffffff', 1686),
(260, 34, 1413, 'Universal 24/7 forecast', 'http://dummyimage.com/300x250.png/dddddd/000000', 920),
(261, 59, 1767, 'Streamlined uniform monitoring', 'http://dummyimage.com/300x250.png/5fa2dd/ffffff', 1994),
(262, 44, 1460, 'Programmable 24/7 standardization', 'http://dummyimage.com/300x250.png/cc0000/ffffff', 876),
(263, 8, 1571, 'Re-contextualized eco-centric open architecture', 'http://dummyimage.com/300x250.png/cc0000/ffffff', 1587),
(264, 25, 1393, 'User-friendly actuating website', 'http://dummyimage.com/300x250.png/cc0000/ffffff', 511),
(265, 2, 1446, 'Object-based scalable encoding', 'http://dummyimage.com/300x250.png/5fa2dd/ffffff', 2000),
(266, 17, 2023, 'Upgradable optimal installation', 'http://dummyimage.com/300x250.png/dddddd/000000', 448),
(267, 1, 190, 'Versatile intermediate data-warehouse', 'http://dummyimage.com/300x250.png/cc0000/ffffff', 1157),
(268, 14, 1745, 'Cloned bifurcated emulation', 'http://dummyimage.com/300x250.png/cc0000/ffffff', 1109),
(269, 59, 1421, 'Monitored multi-tasking infrastructure', 'http://dummyimage.com/300x250.png/5fa2dd/ffffff', 1981),
(270, 11, 2218, 'Cross-group scalable synergy', 'http://dummyimage.com/300x250.png/ff4444/ffffff', 1566),
(271, 41, 660, 'Object-based leading edge focus group', 'http://dummyimage.com/300x250.png/5fa2dd/ffffff', 1140),
(272, 13, 955, 'Reactive motivating service-desk', 'http://dummyimage.com/300x250.png/cc0000/ffffff', 1633),
(273, 57, 1112, 'Compatible static workforce', 'http://dummyimage.com/300x250.png/ff4444/ffffff', 930),
(274, 36, 1811, 'Front-line national product', 'http://dummyimage.com/300x250.png/ff4444/ffffff', 238),
(275, 13, 1477, 'Balanced real-time structure', 'http://dummyimage.com/300x250.png/5fa2dd/ffffff', 1439),
(276, 16, 1846, 'Enterprise-wide radical firmware', 'http://dummyimage.com/300x250.png/cc0000/ffffff', 1418),
(277, 19, 916, 'Re-engineered scalable initiative', 'http://dummyimage.com/300x250.png/ff4444/ffffff', 949),
(278, 14, 653, 'Reverse-engineered regional interface', 'http://dummyimage.com/300x250.png/5fa2dd/ffffff', 1067),
(279, 49, 541, 'Optimized hybrid budgetary management', 'http://dummyimage.com/300x250.png/cc0000/ffffff', 301),
(280, 21, 310, 'Compatible demand-driven hardware', 'http://dummyimage.com/300x250.png/cc0000/ffffff', 233),
(281, 50, 141, 'Profound 24 hour customer loyalty', 'http://dummyimage.com/300x250.png/cc0000/ffffff', 1272),
(282, 32, 584, 'Profit-focused foreground matrix', 'http://dummyimage.com/300x250.png/cc0000/ffffff', 1227),
(283, 5, 2046, 'Managed exuding secured line', 'http://dummyimage.com/300x250.png/ff4444/ffffff', 942),
(284, 46, 119, 'Automated 6th generation middleware', 'http://dummyimage.com/300x250.png/ff4444/ffffff', 1842),
(285, 42, 1072, 'Intuitive multi-state emulation', 'http://dummyimage.com/300x250.png/5fa2dd/ffffff', 234),
(286, 22, 1073, 'Synergistic foreground firmware', 'http://dummyimage.com/300x250.png/5fa2dd/ffffff', 1370),
(287, 47, 649, 'Quality-focused scalable protocol', 'http://dummyimage.com/300x250.png/ff4444/ffffff', 800),
(288, 44, 1367, 'Sharable bottom-line framework', 'http://dummyimage.com/300x250.png/ff4444/ffffff', 648),
(289, 60, 695, 'Versatile user-facing methodology', 'http://dummyimage.com/300x250.png/5fa2dd/ffffff', 83),
(290, 42, 603, 'Adaptive disintermediate algorithm', 'http://dummyimage.com/300x250.png/ff4444/ffffff', 1409),
(291, 14, 687, 'Mandatory national software', 'http://dummyimage.com/300x250.png/dddddd/000000', 1103),
(292, 1, 821, 'Vision-oriented executive internet solution', 'http://dummyimage.com/300x250.png/cc0000/ffffff', 199),
(293, 38, 831, 'Ameliorated multi-state methodology', 'http://dummyimage.com/300x250.png/ff4444/ffffff', 327),
(294, 34, 1835, 'Inverse stable access', 'http://dummyimage.com/300x250.png/5fa2dd/ffffff', 366),
(295, 39, 1953, 'Cloned client-driven standardization', 'http://dummyimage.com/300x250.png/ff4444/ffffff', 1443),
(296, 19, 1684, 'Multi-tiered system-worthy parallelism', 'http://dummyimage.com/300x250.png/ff4444/ffffff', 159),
(297, 34, 1661, 'Visionary motivating encoding', 'http://dummyimage.com/300x250.png/5fa2dd/ffffff', 1987),
(298, 14, 1472, 'De-engineered fault-tolerant info-mediaries', 'http://dummyimage.com/300x250.png/ff4444/ffffff', 104),
(299, 42, 1215, 'Universal systemic structure', 'http://dummyimage.com/300x250.png/ff4444/ffffff', 1654),
(300, 50, 415, 'Customizable stable alliance', 'http://dummyimage.com/300x250.png/cc0000/ffffff', 1169),
(301, 43, 91, 'Re-engineered exuding methodology', 'http://dummyimage.com/300x250.png/ff4444/ffffff', 1696),
(302, 45, 1942, 'Programmable 4th generation time-frame', 'http://dummyimage.com/300x250.png/ff4444/ffffff', 1371),
(303, 42, 754, 'Organic uniform encoding', 'http://dummyimage.com/300x250.png/5fa2dd/ffffff', 1931),
(304, 7, 834, 'Multi-tiered actuating complexity', 'http://dummyimage.com/300x250.png/5fa2dd/ffffff', 1582),
(305, 52, 720, 'Open-architected regional complexity', 'http://dummyimage.com/300x250.png/dddddd/000000', 432),
(306, 25, 1886, 'Enhanced clear-thinking collaboration', 'http://dummyimage.com/300x250.png/ff4444/ffffff', 1793),
(307, 34, 96, 'Profit-focused value-added adapter', 'http://dummyimage.com/300x250.png/ff4444/ffffff', 142),
(308, 56, 62, 'Open-source holistic benchmark', 'http://dummyimage.com/300x250.png/5fa2dd/ffffff', 1331),
(309, 54, 366, 'Expanded grid-enabled application', 'http://dummyimage.com/300x250.png/ff4444/ffffff', 255),
(310, 41, 1799, 'Progressive neutral database', 'http://dummyimage.com/300x250.png/dddddd/000000', 457),
(311, 39, 1874, 'Public-key bandwidth-monitored toolset', 'http://dummyimage.com/300x250.png/5fa2dd/ffffff', 988),
(312, 45, 286, 'Digitized next generation circuit', 'http://dummyimage.com/300x250.png/5fa2dd/ffffff', 250),
(313, 15, 2211, 'De-engineered uniform leverage', 'http://dummyimage.com/300x250.png/dddddd/000000', 674),
(314, 29, 164, 'Virtual fresh-thinking workforce', 'http://dummyimage.com/300x250.png/ff4444/ffffff', 1079),
(315, 58, 1730, 'Switchable multimedia benchmark', 'http://dummyimage.com/300x250.png/5fa2dd/ffffff', 1542),
(316, 2, 666, 'Sharable responsive alliance', 'http://dummyimage.com/300x250.png/dddddd/000000', 819),
(317, 27, 623, 'Open-source high-level architecture', 'http://dummyimage.com/300x250.png/ff4444/ffffff', 931),
(318, 59, 669, 'Streamlined scalable projection', 'http://dummyimage.com/300x250.png/dddddd/000000', 1025),
(319, 54, 1643, 'Public-key impactful moratorium', 'http://dummyimage.com/300x250.png/dddddd/000000', 907),
(320, 25, 131, 'Team-oriented upward-trending product', 'http://dummyimage.com/300x250.png/5fa2dd/ffffff', 1523),
(321, 57, 1998, 'Assimilated client-server budgetary management', 'http://dummyimage.com/300x250.png/dddddd/000000', 1136),
(322, 30, 163, 'Synergized dedicated website', 'http://dummyimage.com/300x250.png/dddddd/000000', 1478),
(323, 43, 1563, 'Organized exuding software', 'http://dummyimage.com/300x250.png/dddddd/000000', 1504),
(324, 5, 490, 'Persistent motivating data-warehouse', 'http://dummyimage.com/300x250.png/dddddd/000000', 1647),
(325, 13, 2101, 'Advanced non-volatile extranet', 'http://dummyimage.com/300x250.png/ff4444/ffffff', 934),
(326, 47, 2063, 'Focused well-modulated Graphical User Interface', 'http://dummyimage.com/300x250.png/dddddd/000000', 1817),
(327, 33, 2099, 'Automated hybrid capability', 'http://dummyimage.com/300x250.png/5fa2dd/ffffff', 1801),
(328, 11, 346, 'Robust encompassing structure', 'http://dummyimage.com/300x250.png/cc0000/ffffff', 1957),
(329, 44, 389, 'Customizable bottom-line focus group', 'http://dummyimage.com/300x250.png/cc0000/ffffff', 760),
(330, 33, 798, 'Re-engineered even-keeled portal', 'http://dummyimage.com/300x250.png/cc0000/ffffff', 1427),
(331, 10, 137, 'User-centric stable analyzer', 'http://dummyimage.com/300x250.png/cc0000/ffffff', 805),
(332, 19, 84, 'Implemented radical info-mediaries', 'http://dummyimage.com/300x250.png/5fa2dd/ffffff', 393),
(333, 29, 1375, 'Optional coherent definition', 'http://dummyimage.com/300x250.png/5fa2dd/ffffff', 1286),
(334, 32, 1811, 'User-friendly tangible local area network', 'http://dummyimage.com/300x250.png/ff4444/ffffff', 1068),
(335, 26, 113, 'Decentralized coherent circuit', 'http://dummyimage.com/300x250.png/ff4444/ffffff', 1569),
(336, 1, 1764, 'Switchable modular local area network', 'http://dummyimage.com/300x250.png/ff4444/ffffff', 1422),
(337, 41, 1249, 'Switchable cohesive methodology', 'http://dummyimage.com/300x250.png/cc0000/ffffff', 452),
(338, 52, 925, 'Polarised interactive database', 'http://dummyimage.com/300x250.png/5fa2dd/ffffff', 746),
(339, 49, 232, 'Object-based solution-oriented artificial intelligence', 'http://dummyimage.com/300x250.png/dddddd/000000', 532),
(340, 8, 1346, 'Stand-alone tangible service-desk', 'http://dummyimage.com/300x250.png/ff4444/ffffff', 373),
(341, 3, 275, 'Universal 24/7 portal', 'http://dummyimage.com/300x250.png/dddddd/000000', 664),
(342, 60, 95, 'Virtual even-keeled intranet', 'http://dummyimage.com/300x250.png/5fa2dd/ffffff', 94),
(343, 41, 458, 'Optional clear-thinking orchestration', 'http://dummyimage.com/300x250.png/5fa2dd/ffffff', 661),
(344, 28, 126, 'Ameliorated eco-centric application', 'http://dummyimage.com/300x250.png/cc0000/ffffff', 1167),
(345, 30, 1759, 'Face to face contextually-based adapter', 'http://dummyimage.com/300x250.png/ff4444/ffffff', 290),
(346, 49, 633, 'Universal web-enabled superstructure', 'http://dummyimage.com/300x250.png/5fa2dd/ffffff', 158),
(347, 8, 1680, 'Automated multi-tasking productivity', 'http://dummyimage.com/300x250.png/5fa2dd/ffffff', 626),
(348, 14, 747, 'Business-focused bandwidth-monitored interface', 'http://dummyimage.com/300x250.png/5fa2dd/ffffff', 607),
(349, 28, 1196, 'Grass-roots secondary adapter', 'http://dummyimage.com/300x250.png/dddddd/000000', 280),
(350, 59, 1191, 'Decentralized homogeneous archive', 'http://dummyimage.com/300x250.png/5fa2dd/ffffff', 446),
(351, 56, 1515, 'Exclusive systematic database', 'http://dummyimage.com/300x250.png/ff4444/ffffff', 380),
(352, 14, 1358, 'Quality-focused 24/7 artificial intelligence', 'http://dummyimage.com/300x250.png/ff4444/ffffff', 532),
(353, 12, 857, 'Switchable bi-directional policy', 'http://dummyimage.com/300x250.png/dddddd/000000', 1979),
(354, 31, 324, 'User-centric dedicated function', 'http://dummyimage.com/300x250.png/ff4444/ffffff', 1994),
(355, 10, 1213, 'Programmable demand-driven framework', 'http://dummyimage.com/300x250.png/cc0000/ffffff', 614),
(356, 60, 1890, 'Streamlined clear-thinking migration', 'http://dummyimage.com/300x250.png/cc0000/ffffff', 1867),
(357, 54, 369, 'Networked user-facing superstructure', 'http://dummyimage.com/300x250.png/dddddd/000000', 1745),
(358, 54, 1103, 'Stand-alone client-driven utilisation', 'http://dummyimage.com/300x250.png/5fa2dd/ffffff', 953),
(359, 30, 1896, 'Switchable solution-oriented website', 'http://dummyimage.com/300x250.png/cc0000/ffffff', 1625),
(360, 18, 1064, 'Front-line dynamic forecast', 'http://dummyimage.com/300x250.png/ff4444/ffffff', 1744),
(361, 40, 2158, 'Multi-lateral secondary implementation', 'http://dummyimage.com/300x250.png/5fa2dd/ffffff', 1139),
(362, 7, 1672, 'Future-proofed user-facing model', 'http://dummyimage.com/300x250.png/dddddd/000000', 1585),
(363, 15, 1496, 'Cross-platform real-time hierarchy', 'http://dummyimage.com/300x250.png/cc0000/ffffff', 913),
(364, 23, 115, 'Re-contextualized bi-directional implementation', 'http://dummyimage.com/300x250.png/cc0000/ffffff', 712),
(365, 32, 143, 'Monitored eco-centric knowledge base', 'http://dummyimage.com/300x250.png/5fa2dd/ffffff', 1006),
(366, 49, 1033, 'Fully-configurable interactive approach', 'http://dummyimage.com/300x250.png/dddddd/000000', 1437),
(367, 29, 1478, 'Reactive value-added methodology', 'http://dummyimage.com/300x250.png/5fa2dd/ffffff', 1249),
(368, 28, 1576, 'Object-based mission-critical leverage', 'http://dummyimage.com/300x250.png/5fa2dd/ffffff', 1269),
(369, 41, 467, 'Public-key local solution', 'http://dummyimage.com/300x250.png/ff4444/ffffff', 511),
(370, 14, 814, 'Implemented well-modulated architecture', 'http://dummyimage.com/300x250.png/cc0000/ffffff', 1259),
(371, 4, 387, 'Realigned bottom-line success', 'http://dummyimage.com/300x250.png/dddddd/000000', 1227),
(372, 51, 1515, 'Diverse empowering system engine', 'http://dummyimage.com/300x250.png/cc0000/ffffff', 424),
(373, 20, 761, 'Customizable solution-oriented artificial intelligence', 'http://dummyimage.com/300x250.png/dddddd/000000', 1500),
(374, 47, 2111, 'Implemented foreground help-desk', 'http://dummyimage.com/300x250.png/ff4444/ffffff', 1822),
(375, 35, 1328, 'Phased non-volatile local area network', 'http://dummyimage.com/300x250.png/cc0000/ffffff', 259),
(376, 19, 1930, 'Upgradable real-time matrices', 'http://dummyimage.com/300x250.png/cc0000/ffffff', 161),
(377, 41, 303, 'Enterprise-wide needs-based middleware', 'http://dummyimage.com/300x250.png/ff4444/ffffff', 150),
(378, 41, 1756, 'Organic multi-state throughput', 'http://dummyimage.com/300x250.png/dddddd/000000', 1193),
(379, 16, 1742, 'Configurable static knowledge user', 'http://dummyimage.com/300x250.png/dddddd/000000', 1427),
(380, 10, 1384, 'Object-based bi-directional time-frame', 'http://dummyimage.com/300x250.png/dddddd/000000', 658),
(381, 24, 2144, 'Fundamental mission-critical hub', 'http://dummyimage.com/300x250.png/ff4444/ffffff', 210),
(382, 29, 908, 'Object-based discrete frame', 'http://dummyimage.com/300x250.png/cc0000/ffffff', 1807),
(383, 45, 1479, 'Function-based composite flexibility', 'http://dummyimage.com/300x250.png/ff4444/ffffff', 1567),
(384, 2, 2115, 'Vision-oriented systemic ability', 'http://dummyimage.com/300x250.png/5fa2dd/ffffff', 780),
(385, 43, 1442, 'Organic fault-tolerant throughput', 'http://dummyimage.com/300x250.png/ff4444/ffffff', 1700),
(386, 19, 380, 'Multi-tiered reciprocal policy', 'http://dummyimage.com/300x250.png/dddddd/000000', 873),
(387, 6, 307, 'Open-architected 24/7 moratorium', 'http://dummyimage.com/300x250.png/dddddd/000000', 1475),
(388, 28, 1280, 'Cloned modular data-warehouse', 'http://dummyimage.com/300x250.png/dddddd/000000', 24),
(389, 17, 623, 'Public-key empowering collaboration', 'http://dummyimage.com/300x250.png/ff4444/ffffff', 1094),
(390, 36, 2150, 'Public-key multi-tasking interface', 'http://dummyimage.com/300x250.png/5fa2dd/ffffff', 25),
(391, 52, 1266, 'Enhanced encompassing concept', 'http://dummyimage.com/300x250.png/ff4444/ffffff', 175),
(392, 38, 1629, 'Extended motivating time-frame', 'http://dummyimage.com/300x250.png/cc0000/ffffff', 435),
(393, 10, 219, 'Organized discrete data-warehouse', 'http://dummyimage.com/300x250.png/ff4444/ffffff', 1861),
(394, 44, 2200, 'Intuitive well-modulated orchestration', 'http://dummyimage.com/300x250.png/cc0000/ffffff', 1257),
(395, 51, 1881, 'Advanced high-level project', 'http://dummyimage.com/300x250.png/dddddd/000000', 858),
(396, 39, 1591, 'Adaptive mission-critical hub', 'http://dummyimage.com/300x250.png/cc0000/ffffff', 1311),
(397, 17, 790, 'Profit-focused executive help-desk', 'http://dummyimage.com/300x250.png/ff4444/ffffff', 1274),
(398, 13, 1314, 'Devolved explicit definition', 'http://dummyimage.com/300x250.png/5fa2dd/ffffff', 925),
(399, 54, 1195, 'Organic optimizing software', 'http://dummyimage.com/300x250.png/ff4444/ffffff', 1212),
(400, 32, 990, 'Compatible web-enabled application', 'http://dummyimage.com/300x250.png/ff4444/ffffff', 458),
(401, 40, 1495, 'Programmable coherent Graphical User Interface', 'http://dummyimage.com/300x250.png/5fa2dd/ffffff', 291),
(402, 40, 939, 'Intuitive background application', 'http://dummyimage.com/300x250.png/cc0000/ffffff', 1827),
(403, 18, 1485, 'Multi-layered contextually-based implementation', 'http://dummyimage.com/300x250.png/ff4444/ffffff', 674),
(404, 31, 2120, 'Implemented even-keeled help-desk', 'http://dummyimage.com/300x250.png/ff4444/ffffff', 293),
(405, 54, 1062, 'Multi-lateral 3rd generation concept', 'http://dummyimage.com/300x250.png/ff4444/ffffff', 1177),
(406, 40, 251, 'Cloned impactful open architecture', 'http://dummyimage.com/300x250.png/dddddd/000000', 979),
(407, 40, 1715, 'Re-engineered static system engine', 'http://dummyimage.com/300x250.png/ff4444/ffffff', 1175),
(408, 40, 982, 'Managed tertiary synergy', 'http://dummyimage.com/300x250.png/5fa2dd/ffffff', 1798),
(409, 20, 1436, 'Profit-focused bandwidth-monitored product', 'http://dummyimage.com/300x250.png/cc0000/ffffff', 631),
(410, 2, 469, 'Integrated bifurcated parallelism', 'http://dummyimage.com/300x250.png/5fa2dd/ffffff', 570),
(411, 59, 1863, 'Programmable human-resource alliance', 'http://dummyimage.com/300x250.png/cc0000/ffffff', 1798),
(412, 41, 1166, 'Reactive secondary implementation', 'http://dummyimage.com/300x250.png/dddddd/000000', 186),
(413, 3, 1561, 'Phased dynamic toolset', 'http://dummyimage.com/300x250.png/ff4444/ffffff', 1195),
(414, 6, 2173, 'De-engineered tangible model', 'http://dummyimage.com/300x250.png/dddddd/000000', 1570),
(415, 19, 1895, 'Profit-focused didactic middleware', 'http://dummyimage.com/300x250.png/ff4444/ffffff', 1101),
(416, 13, 328, 'Synergized bandwidth-monitored complexity', 'http://dummyimage.com/300x250.png/5fa2dd/ffffff', 206),
(417, 54, 595, 'Total content-based encoding', 'http://dummyimage.com/300x250.png/ff4444/ffffff', 1816),
(418, 55, 543, 'Customer-focused 6th generation help-desk', 'http://dummyimage.com/300x250.png/5fa2dd/ffffff', 744),
(419, 43, 276, 'Proactive explicit success', 'http://dummyimage.com/300x250.png/ff4444/ffffff', 1872),
(420, 55, 1663, 'Fundamental analyzing capability', 'http://dummyimage.com/300x250.png/dddddd/000000', 586),
(421, 11, 978, 'Mandatory cohesive function', 'http://dummyimage.com/300x250.png/cc0000/ffffff', 1428),
(422, 17, 1019, 'Right-sized motivating website', 'http://dummyimage.com/300x250.png/5fa2dd/ffffff', 1374),
(423, 5, 561, 'Proactive radical encryption', 'http://dummyimage.com/300x250.png/dddddd/000000', 1944),
(424, 37, 418, 'Devolved eco-centric Graphic Interface', 'http://dummyimage.com/300x250.png/5fa2dd/ffffff', 826),
(425, 60, 366, 'Managed multimedia Graphical User Interface', 'http://dummyimage.com/300x250.png/cc0000/ffffff', 1890),
(426, 51, 402, 'Stand-alone zero administration service-desk', 'http://dummyimage.com/300x250.png/ff4444/ffffff', 480),
(427, 4, 56, 'Triple-buffered local secured line', 'http://dummyimage.com/300x250.png/dddddd/000000', 1576),
(428, 6, 283, 'Assimilated logistical flexibility', 'http://dummyimage.com/300x250.png/dddddd/000000', 1472),
(429, 23, 2086, 'Front-line leading edge encoding', 'http://dummyimage.com/300x250.png/dddddd/000000', 1942),
(430, 25, 757, 'Ergonomic modular synergy', 'http://dummyimage.com/300x250.png/cc0000/ffffff', 883),
(431, 29, 1989, 'Robust non-volatile knowledge user', 'http://dummyimage.com/300x250.png/ff4444/ffffff', 819),
(432, 22, 1024, 'Synergized analyzing project', 'http://dummyimage.com/300x250.png/ff4444/ffffff', 1341),
(433, 55, 1782, 'Visionary content-based encryption', 'http://dummyimage.com/300x250.png/cc0000/ffffff', 1049),
(434, 19, 2234, 'Up-sized 6th generation protocol', 'http://dummyimage.com/300x250.png/5fa2dd/ffffff', 95),
(435, 20, 1616, 'Versatile system-worthy knowledge base', 'http://dummyimage.com/300x250.png/dddddd/000000', 996),
(436, 17, 115, 'Face to face transitional workforce', 'http://dummyimage.com/300x250.png/5fa2dd/ffffff', 1642),
(437, 49, 654, 'Fully-configurable attitude-oriented paradigm', 'http://dummyimage.com/300x250.png/cc0000/ffffff', 1359),
(438, 32, 1852, 'Face to face client-server forecast', 'http://dummyimage.com/300x250.png/5fa2dd/ffffff', 376),
(439, 44, 2209, 'Open-architected static collaboration', 'http://dummyimage.com/300x250.png/ff4444/ffffff', 325),
(440, 38, 1251, 'Networked intermediate hardware', 'http://dummyimage.com/300x250.png/5fa2dd/ffffff', 69),
(441, 33, 754, 'Digitized user-facing toolset', 'http://dummyimage.com/300x250.png/ff4444/ffffff', 1033),
(442, 33, 617, 'Compatible background encoding', 'http://dummyimage.com/300x250.png/5fa2dd/ffffff', 728),
(443, 60, 1272, 'Synergistic even-keeled function', 'http://dummyimage.com/300x250.png/dddddd/000000', 1098),
(444, 11, 1308, 'Re-engineered directional model', 'http://dummyimage.com/300x250.png/ff4444/ffffff', 960),
(445, 29, 134, 'Realigned bi-directional firmware', 'http://dummyimage.com/300x250.png/cc0000/ffffff', 61),
(446, 48, 108, 'User-friendly grid-enabled projection', 'http://dummyimage.com/300x250.png/ff4444/ffffff', 244),
(447, 56, 1399, 'Managed scalable methodology', 'http://dummyimage.com/300x250.png/5fa2dd/ffffff', 493),
(448, 24, 1127, 'Front-line client-server hub', 'http://dummyimage.com/300x250.png/5fa2dd/ffffff', 896),
(449, 52, 63, 'Focused clear-thinking archive', 'http://dummyimage.com/300x250.png/ff4444/ffffff', 594),
(450, 41, 238, 'Reverse-engineered dedicated concept', 'http://dummyimage.com/300x250.png/5fa2dd/ffffff', 1854),
(451, 17, 1060, 'Optional zero administration encryption', 'http://dummyimage.com/300x250.png/dddddd/000000', 1767),
(452, 50, 111, 'Quality-focused incremental budgetary management', 'http://dummyimage.com/300x250.png/5fa2dd/ffffff', 168),
(453, 6, 2159, 'Realigned zero tolerance software', 'http://dummyimage.com/300x250.png/5fa2dd/ffffff', 1536),
(454, 23, 1498, 'Versatile exuding circuit', 'http://dummyimage.com/300x250.png/cc0000/ffffff', 968),
(455, 35, 1220, 'Open-source non-volatile strategy', 'http://dummyimage.com/300x250.png/ff4444/ffffff', 1282),
(456, 18, 1751, 'Up-sized bi-directional open system', 'http://dummyimage.com/300x250.png/ff4444/ffffff', 458),
(457, 37, 594, 'Streamlined reciprocal success', 'http://dummyimage.com/300x250.png/ff4444/ffffff', 1685),
(458, 23, 1571, 'Synchronised 4th generation protocol', 'http://dummyimage.com/300x250.png/5fa2dd/ffffff', 1300),
(459, 28, 1650, 'Right-sized heuristic frame', 'http://dummyimage.com/300x250.png/ff4444/ffffff', 1462),
(460, 55, 334, 'Visionary mission-critical capacity', 'http://dummyimage.com/300x250.png/dddddd/000000', 251),
(461, 34, 207, 'Vision-oriented global artificial intelligence', 'http://dummyimage.com/300x250.png/ff4444/ffffff', 727);
INSERT INTO `video` (`id`, `id_autore`, `durata`, `titolo`, `video_url`, `visualizzazioni`) VALUES
(462, 12, 1830, 'Devolved systemic capacity', 'http://dummyimage.com/300x250.png/ff4444/ffffff', 1394),
(463, 1, 1771, 'Extended 24/7 model', 'http://dummyimage.com/300x250.png/5fa2dd/ffffff', 1892),
(464, 39, 1450, 'Inverse 5th generation superstructure', 'http://dummyimage.com/300x250.png/5fa2dd/ffffff', 1552),
(465, 37, 1304, 'Future-proofed zero administration toolset', 'http://dummyimage.com/300x250.png/ff4444/ffffff', 13),
(466, 35, 1897, 'Open-source upward-trending moratorium', 'http://dummyimage.com/300x250.png/cc0000/ffffff', 259),
(467, 59, 2145, 'Universal secondary matrix', 'http://dummyimage.com/300x250.png/dddddd/000000', 110),
(468, 30, 1429, 'Universal uniform standardization', 'http://dummyimage.com/300x250.png/ff4444/ffffff', 826),
(469, 40, 201, 'Quality-focused directional process improvement', 'http://dummyimage.com/300x250.png/5fa2dd/ffffff', 1747),
(470, 47, 947, 'Polarised 6th generation definition', 'http://dummyimage.com/300x250.png/5fa2dd/ffffff', 1433),
(471, 29, 1622, 'Triple-buffered clear-thinking success', 'http://dummyimage.com/300x250.png/dddddd/000000', 824),
(472, 31, 1042, 'Customer-focused intermediate emulation', 'http://dummyimage.com/300x250.png/ff4444/ffffff', 702),
(473, 6, 1920, 'Adaptive tangible analyzer', 'http://dummyimage.com/300x250.png/5fa2dd/ffffff', 1564),
(474, 34, 1919, 'Programmable foreground strategy', 'http://dummyimage.com/300x250.png/5fa2dd/ffffff', 881),
(475, 49, 1820, 'Configurable heuristic support', 'http://dummyimage.com/300x250.png/cc0000/ffffff', 1530),
(476, 29, 508, 'Function-based fault-tolerant capacity', 'http://dummyimage.com/300x250.png/dddddd/000000', 404),
(477, 34, 537, 'Profound explicit functionalities', 'http://dummyimage.com/300x250.png/5fa2dd/ffffff', 229),
(478, 48, 770, 'Public-key 6th generation matrices', 'http://dummyimage.com/300x250.png/cc0000/ffffff', 1120),
(479, 21, 1906, 'Phased high-level hardware', 'http://dummyimage.com/300x250.png/5fa2dd/ffffff', 710),
(480, 24, 849, 'Vision-oriented grid-enabled strategy', 'http://dummyimage.com/300x250.png/dddddd/000000', 1506),
(481, 4, 401, 'Organized content-based migration', 'http://dummyimage.com/300x250.png/5fa2dd/ffffff', 1181),
(482, 9, 1557, 'Optional fault-tolerant conglomeration', 'http://dummyimage.com/300x250.png/cc0000/ffffff', 1258),
(483, 52, 734, 'Advanced solution-oriented workforce', 'http://dummyimage.com/300x250.png/ff4444/ffffff', 792),
(484, 9, 2087, 'Programmable mission-critical throughput', 'http://dummyimage.com/300x250.png/ff4444/ffffff', 682),
(485, 60, 2079, 'Implemented 6th generation parallelism', 'http://dummyimage.com/300x250.png/5fa2dd/ffffff', 1935),
(486, 2, 1478, 'Compatible grid-enabled protocol', 'http://dummyimage.com/300x250.png/ff4444/ffffff', 1887),
(487, 21, 646, 'Enhanced stable model', 'http://dummyimage.com/300x250.png/ff4444/ffffff', 53),
(488, 30, 218, 'Progressive responsive support', 'http://dummyimage.com/300x250.png/ff4444/ffffff', 1035),
(489, 36, 758, 'Configurable local installation', 'http://dummyimage.com/300x250.png/cc0000/ffffff', 1758),
(490, 29, 1072, 'Fully-configurable secondary collaboration', 'http://dummyimage.com/300x250.png/dddddd/000000', 1043),
(491, 21, 968, 'Operative holistic approach', 'http://dummyimage.com/300x250.png/ff4444/ffffff', 1322),
(492, 28, 2182, 'Organized modular middleware', 'http://dummyimage.com/300x250.png/ff4444/ffffff', 86),
(493, 16, 809, 'Optimized attitude-oriented task-force', 'http://dummyimage.com/300x250.png/dddddd/000000', 614),
(494, 12, 680, 'Right-sized multi-tasking structure', 'http://dummyimage.com/300x250.png/dddddd/000000', 1336),
(495, 18, 1062, 'Realigned composite moderator', 'http://dummyimage.com/300x250.png/ff4444/ffffff', 1982),
(496, 24, 536, 'Self-enabling asynchronous internet solution', 'http://dummyimage.com/300x250.png/ff4444/ffffff', 1422),
(497, 20, 1715, 'Fundamental systemic secured line', 'http://dummyimage.com/300x250.png/cc0000/ffffff', 728),
(498, 1, 226, 'Ergonomic interactive internet solution', 'http://dummyimage.com/300x250.png/ff4444/ffffff', 406),
(499, 10, 537, 'Multi-lateral zero tolerance approach', 'http://dummyimage.com/300x250.png/dddddd/000000', 289),
(500, 58, 195, 'Persevering homogeneous superstructure', 'http://dummyimage.com/300x250.png/5fa2dd/ffffff', 1674),
(501, 53, 1328, 'Re-engineered intangible instruction set', 'http://dummyimage.com/300x250.png/dddddd/000000', 252),
(502, 26, 2233, 'Team-oriented global flexibility', 'http://dummyimage.com/300x250.png/cc0000/ffffff', 1069),
(503, 41, 234, 'Front-line 3rd generation moratorium', 'http://dummyimage.com/300x250.png/5fa2dd/ffffff', 1637),
(504, 49, 456, 'Open-architected multimedia customer loyalty', 'http://dummyimage.com/300x250.png/cc0000/ffffff', 1563),
(505, 42, 936, 'Assimilated zero tolerance circuit', 'http://dummyimage.com/300x250.png/dddddd/000000', 1911),
(506, 13, 1727, 'Mandatory responsive approach', 'http://dummyimage.com/300x250.png/cc0000/ffffff', 320),
(507, 29, 1544, 'Open-architected hybrid budgetary management', 'http://dummyimage.com/300x250.png/cc0000/ffffff', 891),
(508, 19, 826, 'Extended bandwidth-monitored capability', 'http://dummyimage.com/300x250.png/dddddd/000000', 1980),
(509, 41, 298, 'Multi-lateral 24/7 benchmark', 'http://dummyimage.com/300x250.png/cc0000/ffffff', 1044),
(510, 7, 1728, 'Fundamental directional function', 'http://dummyimage.com/300x250.png/5fa2dd/ffffff', 806),
(511, 48, 1573, 'Diverse object-oriented conglomeration', 'http://dummyimage.com/300x250.png/ff4444/ffffff', 1745),
(512, 24, 870, 'Function-based fresh-thinking throughput', 'http://dummyimage.com/300x250.png/ff4444/ffffff', 620),
(513, 35, 76, 'Ameliorated fault-tolerant capacity', 'http://dummyimage.com/300x250.png/cc0000/ffffff', 970),
(514, 46, 778, 'Balanced content-based encoding', 'http://dummyimage.com/300x250.png/dddddd/000000', 1245),
(515, 39, 1278, 'Persistent composite encoding', 'http://dummyimage.com/300x250.png/cc0000/ffffff', 1165),
(516, 26, 267, 'Virtual modular data-warehouse', 'http://dummyimage.com/300x250.png/cc0000/ffffff', 1176),
(517, 10, 536, 'Monitored bifurcated concept', 'http://dummyimage.com/300x250.png/dddddd/000000', 214),
(518, 19, 1143, 'Enhanced bottom-line conglomeration', 'http://dummyimage.com/300x250.png/dddddd/000000', 241),
(519, 51, 2090, 'Object-based scalable architecture', 'http://dummyimage.com/300x250.png/cc0000/ffffff', 1524),
(520, 42, 663, 'Automated global collaboration', 'http://dummyimage.com/300x250.png/ff4444/ffffff', 654),
(521, 50, 988, 'Versatile zero tolerance challenge', 'http://dummyimage.com/300x250.png/5fa2dd/ffffff', 1461),
(522, 24, 347, 'Pre-emptive 6th generation software', 'http://dummyimage.com/300x250.png/dddddd/000000', 783),
(523, 36, 1423, 'Profit-focused holistic budgetary management', 'http://dummyimage.com/300x250.png/5fa2dd/ffffff', 279),
(524, 29, 1054, 'Object-based multi-state architecture', 'http://dummyimage.com/300x250.png/cc0000/ffffff', 1685),
(525, 12, 843, 'Monitored high-level leverage', 'http://dummyimage.com/300x250.png/dddddd/000000', 1512),
(526, 55, 421, 'Versatile global conglomeration', 'http://dummyimage.com/300x250.png/dddddd/000000', 1115),
(527, 8, 2163, 'Devolved background initiative', 'http://dummyimage.com/300x250.png/5fa2dd/ffffff', 911),
(528, 34, 970, 'Fundamental disintermediate project', 'http://dummyimage.com/300x250.png/cc0000/ffffff', 488),
(529, 20, 1738, 'Realigned zero administration knowledge user', 'http://dummyimage.com/300x250.png/cc0000/ffffff', 471),
(530, 23, 592, 'Focused multi-tasking benchmark', 'http://dummyimage.com/300x250.png/cc0000/ffffff', 1402),
(531, 51, 1031, 'Public-key discrete encoding', 'http://dummyimage.com/300x250.png/ff4444/ffffff', 427),
(532, 38, 1389, 'Function-based 6th generation info-mediaries', 'http://dummyimage.com/300x250.png/dddddd/000000', 214),
(533, 5, 1124, 'Decentralized dedicated success', 'http://dummyimage.com/300x250.png/cc0000/ffffff', 851),
(534, 49, 554, 'Proactive neutral moderator', 'http://dummyimage.com/300x250.png/5fa2dd/ffffff', 44),
(535, 25, 983, 'Phased leading edge capability', 'http://dummyimage.com/300x250.png/5fa2dd/ffffff', 1841),
(536, 37, 358, 'Re-contextualized mission-critical pricing structure', 'http://dummyimage.com/300x250.png/5fa2dd/ffffff', 845),
(537, 29, 1967, 'Diverse actuating orchestration', 'http://dummyimage.com/300x250.png/dddddd/000000', 1702),
(538, 13, 575, 'Expanded explicit solution', 'http://dummyimage.com/300x250.png/ff4444/ffffff', 1310),
(539, 53, 893, 'Balanced analyzing budgetary management', 'http://dummyimage.com/300x250.png/cc0000/ffffff', 1404),
(540, 28, 720, 'Persistent mobile installation', 'http://dummyimage.com/300x250.png/ff4444/ffffff', 1091),
(541, 49, 398, 'Reactive content-based matrix', 'http://dummyimage.com/300x250.png/dddddd/000000', 1536),
(542, 27, 539, 'Quality-focused empowering forecast', 'http://dummyimage.com/300x250.png/ff4444/ffffff', 872),
(543, 25, 63, 'Configurable attitude-oriented Graphic Interface', 'http://dummyimage.com/300x250.png/cc0000/ffffff', 1923),
(544, 6, 947, 'Virtual client-driven synergy', 'http://dummyimage.com/300x250.png/ff4444/ffffff', 1254),
(545, 25, 1816, 'Cloned needs-based definition', 'http://dummyimage.com/300x250.png/5fa2dd/ffffff', 642),
(546, 32, 1671, 'Expanded global service-desk', 'http://dummyimage.com/300x250.png/5fa2dd/ffffff', 111),
(547, 22, 1135, 'Fundamental high-level application', 'http://dummyimage.com/300x250.png/ff4444/ffffff', 197),
(548, 42, 806, 'Focused full-range model', 'http://dummyimage.com/300x250.png/dddddd/000000', 1007),
(549, 27, 2021, 'Future-proofed 3rd generation definition', 'http://dummyimage.com/300x250.png/dddddd/000000', 154),
(550, 27, 1013, 'Managed systemic hub', 'http://dummyimage.com/300x250.png/ff4444/ffffff', 359),
(551, 8, 1288, 'Future-proofed human-resource capacity', 'http://dummyimage.com/300x250.png/ff4444/ffffff', 1874),
(552, 51, 1554, 'Distributed value-added success', 'http://dummyimage.com/300x250.png/cc0000/ffffff', 1626),
(553, 39, 1900, 'Sharable intangible projection', 'http://dummyimage.com/300x250.png/5fa2dd/ffffff', 1072),
(554, 59, 596, 'Progressive neutral model', 'http://dummyimage.com/300x250.png/5fa2dd/ffffff', 893),
(555, 22, 289, 'Enhanced clear-thinking framework', 'http://dummyimage.com/300x250.png/cc0000/ffffff', 62),
(556, 41, 1202, 'Optimized zero administration algorithm', 'http://dummyimage.com/300x250.png/ff4444/ffffff', 133),
(557, 39, 915, 'Upgradable zero tolerance encryption', 'http://dummyimage.com/300x250.png/5fa2dd/ffffff', 1598),
(558, 32, 1902, 'Ergonomic content-based throughput', 'http://dummyimage.com/300x250.png/ff4444/ffffff', 620),
(559, 28, 528, 'Pre-emptive impactful forecast', 'http://dummyimage.com/300x250.png/ff4444/ffffff', 1884),
(560, 3, 1869, 'Digitized multi-tasking secured line', 'http://dummyimage.com/300x250.png/5fa2dd/ffffff', 1025),
(561, 24, 1526, 'Synchronised next generation workforce', 'http://dummyimage.com/300x250.png/5fa2dd/ffffff', 1060),
(562, 3, 80, 'Grass-roots multimedia product', 'http://dummyimage.com/300x250.png/5fa2dd/ffffff', 475),
(563, 48, 1100, 'Progressive encompassing Graphic Interface', 'http://dummyimage.com/300x250.png/ff4444/ffffff', 826),
(564, 44, 1630, 'Synchronised 3rd generation project', 'http://dummyimage.com/300x250.png/ff4444/ffffff', 1091),
(565, 42, 325, 'Cloned methodical superstructure', 'http://dummyimage.com/300x250.png/dddddd/000000', 53),
(566, 29, 1898, 'Multi-lateral attitude-oriented archive', 'http://dummyimage.com/300x250.png/ff4444/ffffff', 1495),
(567, 15, 1027, 'Automated multimedia attitude', 'http://dummyimage.com/300x250.png/dddddd/000000', 1037),
(568, 12, 1001, 'Cloned actuating local area network', 'http://dummyimage.com/300x250.png/cc0000/ffffff', 1542),
(569, 25, 1023, 'Visionary dedicated Graphic Interface', 'http://dummyimage.com/300x250.png/cc0000/ffffff', 1545),
(570, 10, 1266, 'Enterprise-wide executive moderator', 'http://dummyimage.com/300x250.png/ff4444/ffffff', 162),
(571, 17, 1976, 'Enterprise-wide multimedia productivity', 'http://dummyimage.com/300x250.png/ff4444/ffffff', 614),
(572, 10, 1701, 'User-friendly stable system engine', 'http://dummyimage.com/300x250.png/ff4444/ffffff', 909),
(573, 11, 665, 'Adaptive 4th generation functionalities', 'http://dummyimage.com/300x250.png/cc0000/ffffff', 1623),
(574, 35, 1573, 'Triple-buffered needs-based array', 'http://dummyimage.com/300x250.png/5fa2dd/ffffff', 371),
(575, 51, 897, 'Cross-group clear-thinking interface', 'http://dummyimage.com/300x250.png/5fa2dd/ffffff', 1115),
(576, 13, 1421, 'Intuitive modular local area network', 'http://dummyimage.com/300x250.png/ff4444/ffffff', 223),
(577, 10, 2028, 'Synchronised eco-centric migration', 'http://dummyimage.com/300x250.png/dddddd/000000', 291),
(578, 46, 1507, 'Upgradable uniform utilisation', 'http://dummyimage.com/300x250.png/cc0000/ffffff', 400),
(579, 19, 1309, 'Multi-layered solution-oriented groupware', 'http://dummyimage.com/300x250.png/ff4444/ffffff', 1368),
(580, 14, 131, 'Operative hybrid success', 'http://dummyimage.com/300x250.png/dddddd/000000', 588),
(581, 30, 1480, 'Polarised needs-based capacity', 'http://dummyimage.com/300x250.png/cc0000/ffffff', 74),
(582, 39, 280, 'Reverse-engineered optimal knowledge base', 'http://dummyimage.com/300x250.png/dddddd/000000', 1030),
(583, 46, 1453, 'Intuitive discrete access', 'http://dummyimage.com/300x250.png/dddddd/000000', 1922),
(584, 12, 101, 'Pre-emptive 3rd generation toolset', 'http://dummyimage.com/300x250.png/ff4444/ffffff', 506),
(585, 21, 834, 'Integrated 3rd generation neural-net', 'http://dummyimage.com/300x250.png/ff4444/ffffff', 304),
(586, 3, 334, 'Decentralized bandwidth-monitored superstructure', 'http://dummyimage.com/300x250.png/5fa2dd/ffffff', 711),
(587, 24, 237, 'Reverse-engineered encompassing instruction set', 'http://dummyimage.com/300x250.png/dddddd/000000', 150),
(588, 23, 919, 'Proactive empowering project', 'http://dummyimage.com/300x250.png/5fa2dd/ffffff', 851),
(589, 1, 1796, 'Fully-configurable modular analyzer', 'http://dummyimage.com/300x250.png/cc0000/ffffff', 1400),
(590, 28, 458, 'Synergized needs-based circuit', 'http://dummyimage.com/300x250.png/5fa2dd/ffffff', 1085),
(591, 38, 959, 'Object-based exuding intranet', 'http://dummyimage.com/300x250.png/dddddd/000000', 227),
(592, 46, 1116, 'User-centric asynchronous encoding', 'http://dummyimage.com/300x250.png/ff4444/ffffff', 803),
(593, 7, 886, 'Optimized dedicated extranet', 'http://dummyimage.com/300x250.png/cc0000/ffffff', 611),
(594, 9, 1788, 'Automated encompassing service-desk', 'http://dummyimage.com/300x250.png/dddddd/000000', 170),
(595, 15, 1362, 'Organic homogeneous analyzer', 'http://dummyimage.com/300x250.png/ff4444/ffffff', 768),
(596, 40, 803, 'Innovative disintermediate application', 'http://dummyimage.com/300x250.png/ff4444/ffffff', 1762),
(597, 49, 2053, 'Distributed regional forecast', 'http://dummyimage.com/300x250.png/ff4444/ffffff', 626),
(598, 34, 384, 'Assimilated web-enabled open system', 'http://dummyimage.com/300x250.png/dddddd/000000', 1300),
(599, 28, 2092, 'Optimized incremental portal', 'http://dummyimage.com/300x250.png/5fa2dd/ffffff', 1260),
(600, 54, 1745, 'Implemented real-time open architecture', 'http://dummyimage.com/300x250.png/ff4444/ffffff', 1711),
(601, 45, 1719, 'Profound local alliance', 'http://dummyimage.com/300x250.png/dddddd/000000', 1744),
(602, 43, 232, 'Robust next generation methodology', 'http://dummyimage.com/300x250.png/5fa2dd/ffffff', 1734),
(603, 38, 1067, 'Right-sized actuating pricing structure', 'http://dummyimage.com/300x250.png/cc0000/ffffff', 414),
(604, 23, 1690, 'User-centric next generation approach', 'http://dummyimage.com/300x250.png/ff4444/ffffff', 1126),
(605, 25, 441, 'Customizable motivating software', 'http://dummyimage.com/300x250.png/ff4444/ffffff', 136),
(606, 32, 1706, 'Public-key object-oriented monitoring', 'http://dummyimage.com/300x250.png/dddddd/000000', 486),
(607, 19, 121, 'Switchable dynamic secured line', 'http://dummyimage.com/300x250.png/5fa2dd/ffffff', 463),
(608, 40, 380, 'Open-source eco-centric internet solution', 'http://dummyimage.com/300x250.png/cc0000/ffffff', 1788),
(609, 31, 1710, 'Business-focused dedicated flexibility', 'http://dummyimage.com/300x250.png/ff4444/ffffff', 1672),
(610, 30, 2203, 'Cross-platform mobile approach', 'http://dummyimage.com/300x250.png/ff4444/ffffff', 369),
(611, 56, 2211, 'Switchable intangible core', 'http://dummyimage.com/300x250.png/dddddd/000000', 452),
(612, 47, 1885, 'Programmable hybrid project', 'http://dummyimage.com/300x250.png/dddddd/000000', 798),
(613, 6, 836, 'Phased zero administration local area network', 'http://dummyimage.com/300x250.png/ff4444/ffffff', 247),
(614, 22, 67, 'Function-based context-sensitive service-desk', 'http://dummyimage.com/300x250.png/ff4444/ffffff', 1266),
(615, 28, 816, 'Business-focused scalable structure', 'http://dummyimage.com/300x250.png/5fa2dd/ffffff', 874),
(616, 55, 269, 'Enhanced background migration', 'http://dummyimage.com/300x250.png/ff4444/ffffff', 1010),
(617, 33, 1802, 'Total high-level core', 'http://dummyimage.com/300x250.png/5fa2dd/ffffff', 1997),
(618, 51, 1725, 'Up-sized attitude-oriented synergy', 'http://dummyimage.com/300x250.png/cc0000/ffffff', 799),
(619, 45, 1579, 'Exclusive zero tolerance customer loyalty', 'http://dummyimage.com/300x250.png/dddddd/000000', 532),
(620, 7, 1807, 'Triple-buffered even-keeled success', 'http://dummyimage.com/300x250.png/cc0000/ffffff', 158),
(621, 22, 1632, 'Exclusive static installation', 'http://dummyimage.com/300x250.png/cc0000/ffffff', 288),
(622, 35, 2119, 'Persevering optimal secured line', 'http://dummyimage.com/300x250.png/dddddd/000000', 1328),
(623, 35, 1350, 'Multi-lateral next generation analyzer', 'http://dummyimage.com/300x250.png/cc0000/ffffff', 689),
(624, 8, 1857, 'Reverse-engineered systemic customer loyalty', 'http://dummyimage.com/300x250.png/5fa2dd/ffffff', 1436),
(625, 47, 1617, 'Optional intermediate help-desk', 'http://dummyimage.com/300x250.png/5fa2dd/ffffff', 150),
(626, 31, 1811, 'Progressive client-server toolset', 'http://dummyimage.com/300x250.png/5fa2dd/ffffff', 440),
(627, 3, 1257, 'Versatile secondary contingency', 'http://dummyimage.com/300x250.png/5fa2dd/ffffff', 75),
(628, 16, 1515, 'Networked 3rd generation data-warehouse', 'http://dummyimage.com/300x250.png/cc0000/ffffff', 1355),
(629, 17, 763, 'Enhanced human-resource contingency', 'http://dummyimage.com/300x250.png/ff4444/ffffff', 1172),
(630, 37, 1514, 'Extended mission-critical policy', 'http://dummyimage.com/300x250.png/cc0000/ffffff', 218),
(631, 8, 1589, 'Optional upward-trending open architecture', 'http://dummyimage.com/300x250.png/cc0000/ffffff', 1488),
(632, 17, 202, 'Profit-focused grid-enabled project', 'http://dummyimage.com/300x250.png/ff4444/ffffff', 1306),
(633, 51, 1524, 'Realigned disintermediate hardware', 'http://dummyimage.com/300x250.png/ff4444/ffffff', 485),
(634, 52, 758, 'Cross-platform next generation open architecture', 'http://dummyimage.com/300x250.png/dddddd/000000', 1269),
(635, 58, 1870, 'Programmable dynamic intranet', 'http://dummyimage.com/300x250.png/ff4444/ffffff', 1080),
(636, 45, 333, 'Exclusive demand-driven paradigm', 'http://dummyimage.com/300x250.png/ff4444/ffffff', 158),
(637, 38, 686, 'Synchronised bottom-line process improvement', 'http://dummyimage.com/300x250.png/cc0000/ffffff', 1650),
(638, 25, 1265, 'Reverse-engineered asynchronous challenge', 'http://dummyimage.com/300x250.png/dddddd/000000', 661),
(639, 13, 970, 'Organic 24/7 moderator', 'http://dummyimage.com/300x250.png/dddddd/000000', 994),
(640, 7, 1424, 'Cross-platform human-resource moratorium', 'http://dummyimage.com/300x250.png/ff4444/ffffff', 1506),
(641, 41, 1867, 'Business-focused stable task-force', 'http://dummyimage.com/300x250.png/cc0000/ffffff', 1213),
(642, 11, 670, 'Inverse attitude-oriented matrices', 'http://dummyimage.com/300x250.png/dddddd/000000', 1301),
(643, 6, 1925, 'Future-proofed hybrid hub', 'http://dummyimage.com/300x250.png/ff4444/ffffff', 1586),
(644, 27, 2084, 'Stand-alone background knowledge base', 'http://dummyimage.com/300x250.png/cc0000/ffffff', 977),
(645, 24, 864, 'Distributed logistical open system', 'http://dummyimage.com/300x250.png/cc0000/ffffff', 361),
(646, 43, 834, 'Polarised fault-tolerant paradigm', 'http://dummyimage.com/300x250.png/5fa2dd/ffffff', 1617),
(647, 21, 814, 'Cross-group incremental website', 'http://dummyimage.com/300x250.png/dddddd/000000', 1871),
(648, 53, 1352, 'Optional tangible info-mediaries', 'http://dummyimage.com/300x250.png/ff4444/ffffff', 1115),
(649, 23, 944, 'Centralized needs-based firmware', 'http://dummyimage.com/300x250.png/cc0000/ffffff', 1364),
(650, 54, 1735, 'Enhanced optimal flexibility', 'http://dummyimage.com/300x250.png/dddddd/000000', 316),
(651, 21, 586, 'Cross-platform static service-desk', 'http://dummyimage.com/300x250.png/cc0000/ffffff', 1900),
(652, 35, 732, 'Realigned holistic algorithm', 'http://dummyimage.com/300x250.png/cc0000/ffffff', 1050),
(653, 21, 1607, 'De-engineered mission-critical database', 'http://dummyimage.com/300x250.png/ff4444/ffffff', 1520),
(654, 47, 113, 'Assimilated bi-directional knowledge user', 'http://dummyimage.com/300x250.png/ff4444/ffffff', 1163),
(655, 4, 218, 'Fundamental foreground interface', 'http://dummyimage.com/300x250.png/cc0000/ffffff', 1157),
(656, 37, 1935, 'Right-sized directional attitude', 'http://dummyimage.com/300x250.png/cc0000/ffffff', 157),
(657, 51, 365, 'Public-key web-enabled budgetary management', 'http://dummyimage.com/300x250.png/dddddd/000000', 1678),
(658, 46, 2186, 'Focused even-keeled framework', 'http://dummyimage.com/300x250.png/cc0000/ffffff', 675),
(659, 26, 1499, 'Networked zero defect paradigm', 'http://dummyimage.com/300x250.png/dddddd/000000', 1560),
(660, 22, 1830, 'Secured client-server access', 'http://dummyimage.com/300x250.png/cc0000/ffffff', 1),
(661, 10, 1628, 'Centralized optimal website', 'http://dummyimage.com/300x250.png/cc0000/ffffff', 1545),
(662, 54, 1440, 'Organic optimal time-frame', 'http://dummyimage.com/300x250.png/ff4444/ffffff', 746),
(663, 36, 1809, 'Cloned multimedia circuit', 'http://dummyimage.com/300x250.png/5fa2dd/ffffff', 747),
(664, 33, 135, 'Assimilated exuding extranet', 'http://dummyimage.com/300x250.png/5fa2dd/ffffff', 1525),
(665, 26, 670, 'Programmable clear-thinking conglomeration', 'http://dummyimage.com/300x250.png/cc0000/ffffff', 1251),
(666, 34, 173, 'Future-proofed responsive focus group', 'http://dummyimage.com/300x250.png/ff4444/ffffff', 135),
(667, 42, 609, 'Down-sized bifurcated help-desk', 'http://dummyimage.com/300x250.png/cc0000/ffffff', 1),
(668, 55, 640, 'Innovative 24/7 infrastructure', 'http://dummyimage.com/300x250.png/5fa2dd/ffffff', 403),
(669, 41, 565, 'Re-contextualized interactive budgetary management', 'http://dummyimage.com/300x250.png/cc0000/ffffff', 858),
(670, 12, 1217, 'Advanced holistic encryption', 'http://dummyimage.com/300x250.png/5fa2dd/ffffff', 172),
(671, 2, 1225, 'Persevering multimedia archive', 'http://dummyimage.com/300x250.png/5fa2dd/ffffff', 81),
(672, 1, 630, 'Face to face fault-tolerant throughput', 'http://dummyimage.com/300x250.png/dddddd/000000', 1871),
(673, 31, 287, 'Proactive fault-tolerant Graphical User Interface', 'http://dummyimage.com/300x250.png/ff4444/ffffff', 1413),
(674, 45, 1243, 'Distributed contextually-based knowledge user', 'http://dummyimage.com/300x250.png/dddddd/000000', 758),
(675, 45, 331, 'Fully-configurable value-added process improvement', 'http://dummyimage.com/300x250.png/cc0000/ffffff', 1026),
(676, 4, 2229, 'Front-line 6th generation hierarchy', 'http://dummyimage.com/300x250.png/dddddd/000000', 415),
(677, 40, 471, 'Re-engineered fault-tolerant ability', 'http://dummyimage.com/300x250.png/5fa2dd/ffffff', 442),
(678, 50, 1457, 'Realigned real-time secured line', 'http://dummyimage.com/300x250.png/5fa2dd/ffffff', 807),
(679, 53, 1251, 'Compatible object-oriented moderator', 'http://dummyimage.com/300x250.png/ff4444/ffffff', 296),
(680, 22, 975, 'Visionary system-worthy data-warehouse', 'http://dummyimage.com/300x250.png/ff4444/ffffff', 1534),
(681, 55, 1052, 'User-centric disintermediate support', 'http://dummyimage.com/300x250.png/dddddd/000000', 70),
(682, 40, 389, 'Balanced executive help-desk', 'http://dummyimage.com/300x250.png/cc0000/ffffff', 405),
(683, 51, 921, 'Realigned bi-directional support', 'http://dummyimage.com/300x250.png/cc0000/ffffff', 904),
(684, 6, 794, 'Function-based modular monitoring', 'http://dummyimage.com/300x250.png/dddddd/000000', 1906),
(685, 29, 1859, 'Seamless content-based conglomeration', 'http://dummyimage.com/300x250.png/5fa2dd/ffffff', 366),
(686, 2, 1535, 'Assimilated asymmetric collaboration', 'http://dummyimage.com/300x250.png/dddddd/000000', 876),
(687, 17, 966, 'Profound disintermediate standardization', 'http://dummyimage.com/300x250.png/dddddd/000000', 875),
(688, 2, 1036, 'Exclusive modular system engine', 'http://dummyimage.com/300x250.png/cc0000/ffffff', 418),
(689, 22, 741, 'Reduced motivating local area network', 'http://dummyimage.com/300x250.png/ff4444/ffffff', 104),
(690, 32, 489, 'Extended client-server neural-net', 'http://dummyimage.com/300x250.png/ff4444/ffffff', 984),
(691, 42, 2082, 'Exclusive full-range synergy', 'http://dummyimage.com/300x250.png/5fa2dd/ffffff', 889),
(692, 31, 1292, 'Total systemic instruction set', 'http://dummyimage.com/300x250.png/5fa2dd/ffffff', 1191),
(693, 13, 1118, 'Open-source regional database', 'http://dummyimage.com/300x250.png/ff4444/ffffff', 1921),
(694, 46, 2230, 'Programmable bi-directional process improvement', 'http://dummyimage.com/300x250.png/dddddd/000000', 388),
(695, 12, 1653, 'Quality-focused zero tolerance capability', 'http://dummyimage.com/300x250.png/ff4444/ffffff', 480),
(696, 57, 611, 'Ameliorated directional toolset', 'http://dummyimage.com/300x250.png/ff4444/ffffff', 1681),
(697, 32, 2009, 'Enhanced holistic budgetary management', 'http://dummyimage.com/300x250.png/ff4444/ffffff', 922),
(698, 23, 558, 'Vision-oriented hybrid collaboration', 'http://dummyimage.com/300x250.png/ff4444/ffffff', 920),
(699, 3, 1184, 'Future-proofed systemic approach', 'http://dummyimage.com/300x250.png/ff4444/ffffff', 1737),
(700, 24, 1310, 'Fully-configurable full-range migration', 'http://dummyimage.com/300x250.png/cc0000/ffffff', 280),
(701, 17, 716, 'Integrated holistic installation', 'http://dummyimage.com/300x250.png/cc0000/ffffff', 1001),
(702, 27, 1787, 'Seamless grid-enabled model', 'http://dummyimage.com/300x250.png/cc0000/ffffff', 1178),
(703, 53, 1245, 'Profit-focused optimal hardware', 'http://dummyimage.com/300x250.png/cc0000/ffffff', 773),
(704, 19, 1994, 'Automated encompassing groupware', 'http://dummyimage.com/300x250.png/ff4444/ffffff', 1999),
(705, 35, 684, 'Networked intermediate intranet', 'http://dummyimage.com/300x250.png/dddddd/000000', 1181),
(706, 10, 1169, 'Universal analyzing definition', 'http://dummyimage.com/300x250.png/dddddd/000000', 1436),
(707, 12, 554, 'Ameliorated 24 hour interface', 'http://dummyimage.com/300x250.png/5fa2dd/ffffff', 838),
(708, 24, 2142, 'Synergized content-based framework', 'http://dummyimage.com/300x250.png/cc0000/ffffff', 1987),
(709, 16, 781, 'Integrated empowering project', 'http://dummyimage.com/300x250.png/dddddd/000000', 148),
(710, 17, 493, 'Team-oriented national initiative', 'http://dummyimage.com/300x250.png/cc0000/ffffff', 151),
(711, 52, 214, 'Adaptive local collaboration', 'http://dummyimage.com/300x250.png/ff4444/ffffff', 1150),
(712, 46, 2188, 'Ameliorated modular moratorium', 'http://dummyimage.com/300x250.png/ff4444/ffffff', 357),
(713, 32, 128, 'Down-sized reciprocal functionalities', 'http://dummyimage.com/300x250.png/5fa2dd/ffffff', 510),
(714, 28, 1271, 'Self-enabling zero defect throughput', 'http://dummyimage.com/300x250.png/ff4444/ffffff', 209),
(715, 23, 1494, 'Balanced asymmetric migration', 'http://dummyimage.com/300x250.png/ff4444/ffffff', 906),
(716, 34, 1607, 'Versatile background task-force', 'http://dummyimage.com/300x250.png/cc0000/ffffff', 757),
(717, 4, 1509, 'De-engineered real-time approach', 'http://dummyimage.com/300x250.png/ff4444/ffffff', 1431),
(718, 28, 437, 'Optional empowering contingency', 'http://dummyimage.com/300x250.png/cc0000/ffffff', 29),
(719, 24, 1979, 'Multi-lateral dynamic parallelism', 'http://dummyimage.com/300x250.png/dddddd/000000', 1133),
(720, 55, 1061, 'Balanced executive implementation', 'http://dummyimage.com/300x250.png/dddddd/000000', 1865),
(721, 59, 1922, 'Balanced maximized application', 'http://dummyimage.com/300x250.png/cc0000/ffffff', 1738),
(722, 37, 1169, 'Ergonomic national website', 'http://dummyimage.com/300x250.png/ff4444/ffffff', 1416),
(723, 32, 132, 'Self-enabling reciprocal implementation', 'http://dummyimage.com/300x250.png/dddddd/000000', 1679),
(724, 44, 1022, 'Organized regional frame', 'http://dummyimage.com/300x250.png/ff4444/ffffff', 423),
(725, 48, 722, 'Monitored full-range complexity', 'http://dummyimage.com/300x250.png/cc0000/ffffff', 1794),
(726, 34, 1360, 'Upgradable homogeneous groupware', 'http://dummyimage.com/300x250.png/cc0000/ffffff', 275),
(727, 49, 1517, 'Fundamental optimal superstructure', 'http://dummyimage.com/300x250.png/cc0000/ffffff', 1304),
(728, 18, 1089, 'Quality-focused maximized neural-net', 'http://dummyimage.com/300x250.png/ff4444/ffffff', 173),
(729, 29, 994, 'Horizontal intangible website', 'http://dummyimage.com/300x250.png/cc0000/ffffff', 1037),
(730, 50, 1186, 'Extended client-driven open architecture', 'http://dummyimage.com/300x250.png/cc0000/ffffff', 1122),
(731, 56, 1212, 'Fully-configurable well-modulated database', 'http://dummyimage.com/300x250.png/5fa2dd/ffffff', 1507),
(732, 24, 2041, 'Organized 6th generation parallelism', 'http://dummyimage.com/300x250.png/5fa2dd/ffffff', 416),
(733, 34, 484, 'User-centric holistic service-desk', 'http://dummyimage.com/300x250.png/ff4444/ffffff', 293),
(734, 46, 908, 'Optional even-keeled installation', 'http://dummyimage.com/300x250.png/cc0000/ffffff', 586),
(735, 4, 1395, 'Configurable demand-driven frame', 'http://dummyimage.com/300x250.png/cc0000/ffffff', 1421),
(736, 14, 524, 'Function-based systemic instruction set', 'http://dummyimage.com/300x250.png/cc0000/ffffff', 1066),
(737, 30, 1255, 'Expanded client-server firmware', 'http://dummyimage.com/300x250.png/5fa2dd/ffffff', 1620),
(738, 20, 1309, 'Multi-layered client-server architecture', 'http://dummyimage.com/300x250.png/5fa2dd/ffffff', 32),
(739, 60, 998, 'Down-sized homogeneous throughput', 'http://dummyimage.com/300x250.png/dddddd/000000', 1055),
(740, 58, 237, 'Enterprise-wide human-resource local area network', 'http://dummyimage.com/300x250.png/ff4444/ffffff', 1277),
(741, 9, 1296, 'Networked encompassing capacity', 'http://dummyimage.com/300x250.png/cc0000/ffffff', 318),
(742, 28, 2196, 'Automated leading edge groupware', 'http://dummyimage.com/300x250.png/cc0000/ffffff', 369),
(743, 32, 2219, 'Re-contextualized foreground toolset', 'http://dummyimage.com/300x250.png/ff4444/ffffff', 1929),
(744, 1, 513, 'Face to face stable flexibility', 'http://dummyimage.com/300x250.png/ff4444/ffffff', 270),
(745, 40, 1344, 'Re-contextualized background firmware', 'http://dummyimage.com/300x250.png/5fa2dd/ffffff', 1309),
(746, 39, 982, 'Progressive mission-critical encoding', 'http://dummyimage.com/300x250.png/5fa2dd/ffffff', 1159),
(747, 49, 1349, 'User-centric 6th generation array', 'http://dummyimage.com/300x250.png/5fa2dd/ffffff', 662),
(748, 55, 160, 'Customer-focused user-facing strategy', 'http://dummyimage.com/300x250.png/cc0000/ffffff', 574),
(749, 3, 1733, 'Visionary bottom-line monitoring', 'http://dummyimage.com/300x250.png/dddddd/000000', 796),
(750, 41, 815, 'Enhanced asynchronous architecture', 'http://dummyimage.com/300x250.png/ff4444/ffffff', 1706),
(751, 9, 1258, 'User-friendly content-based infrastructure', 'http://dummyimage.com/300x250.png/ff4444/ffffff', 1258),
(752, 17, 1162, 'Object-based responsive analyzer', 'http://dummyimage.com/300x250.png/5fa2dd/ffffff', 729),
(753, 8, 1536, 'Mandatory actuating instruction set', 'http://dummyimage.com/300x250.png/cc0000/ffffff', 574),
(754, 47, 480, 'Implemented well-modulated encoding', 'http://dummyimage.com/300x250.png/ff4444/ffffff', 1584),
(755, 2, 1442, 'Multi-layered web-enabled portal', 'http://dummyimage.com/300x250.png/5fa2dd/ffffff', 1911),
(756, 37, 1607, 'Exclusive mobile migration', 'http://dummyimage.com/300x250.png/dddddd/000000', 933),
(757, 35, 1818, 'Centralized impactful application', 'http://dummyimage.com/300x250.png/5fa2dd/ffffff', 924),
(758, 51, 669, 'Diverse coherent local area network', 'http://dummyimage.com/300x250.png/ff4444/ffffff', 1157),
(759, 46, 555, 'Vision-oriented explicit functionalities', 'http://dummyimage.com/300x250.png/dddddd/000000', 824),
(760, 22, 1588, 'Managed analyzing implementation', 'http://dummyimage.com/300x250.png/ff4444/ffffff', 781),
(761, 41, 1051, 'Focused discrete system engine', 'http://dummyimage.com/300x250.png/ff4444/ffffff', 293),
(762, 58, 1683, 'Exclusive executive system engine', 'http://dummyimage.com/300x250.png/5fa2dd/ffffff', 742),
(763, 29, 1094, 'Expanded homogeneous open system', 'http://dummyimage.com/300x250.png/5fa2dd/ffffff', 1248),
(764, 42, 1841, 'Future-proofed logistical internet solution', 'http://dummyimage.com/300x250.png/ff4444/ffffff', 752),
(765, 46, 1756, 'Persevering 24 hour synergy', 'http://dummyimage.com/300x250.png/ff4444/ffffff', 497),
(766, 18, 159, 'Vision-oriented bandwidth-monitored help-desk', 'http://dummyimage.com/300x250.png/ff4444/ffffff', 278),
(767, 59, 193, 'Switchable multi-tasking knowledge user', 'http://dummyimage.com/300x250.png/ff4444/ffffff', 268),
(768, 34, 1525, 'Open-architected systematic interface', 'http://dummyimage.com/300x250.png/ff4444/ffffff', 1446),
(769, 56, 1662, 'Multi-tiered secondary interface', 'http://dummyimage.com/300x250.png/dddddd/000000', 1765),
(770, 25, 587, 'Integrated homogeneous application', 'http://dummyimage.com/300x250.png/ff4444/ffffff', 520),
(771, 17, 781, 'Fully-configurable 24 hour approach', 'http://dummyimage.com/300x250.png/5fa2dd/ffffff', 828),
(772, 35, 1245, 'Team-oriented fault-tolerant info-mediaries', 'http://dummyimage.com/300x250.png/dddddd/000000', 1851),
(773, 41, 1043, 'Enhanced real-time contingency', 'http://dummyimage.com/300x250.png/dddddd/000000', 319),
(774, 28, 1394, 'Inverse reciprocal process improvement', 'http://dummyimage.com/300x250.png/ff4444/ffffff', 440),
(775, 58, 331, 'Right-sized static success', 'http://dummyimage.com/300x250.png/cc0000/ffffff', 123),
(776, 59, 368, 'Automated cohesive challenge', 'http://dummyimage.com/300x250.png/dddddd/000000', 809),
(777, 2, 1935, 'Function-based background hierarchy', 'http://dummyimage.com/300x250.png/cc0000/ffffff', 1190),
(778, 21, 903, 'Ergonomic leading edge task-force', 'http://dummyimage.com/300x250.png/ff4444/ffffff', 668),
(779, 51, 767, 'Object-based well-modulated productivity', 'http://dummyimage.com/300x250.png/5fa2dd/ffffff', 1820),
(780, 6, 579, 'Universal zero administration firmware', 'http://dummyimage.com/300x250.png/cc0000/ffffff', 1076),
(781, 48, 488, 'Team-oriented encompassing extranet', 'http://dummyimage.com/300x250.png/cc0000/ffffff', 761),
(782, 17, 949, 'Vision-oriented stable help-desk', 'http://dummyimage.com/300x250.png/cc0000/ffffff', 1137),
(783, 29, 1933, 'Distributed explicit budgetary management', 'http://dummyimage.com/300x250.png/cc0000/ffffff', 852),
(784, 39, 1282, 'Proactive multimedia installation', 'http://dummyimage.com/300x250.png/dddddd/000000', 290),
(785, 42, 2000, 'Persistent impactful knowledge base', 'http://dummyimage.com/300x250.png/ff4444/ffffff', 1056),
(786, 17, 1711, 'Centralized multi-tasking architecture', 'http://dummyimage.com/300x250.png/cc0000/ffffff', 1941),
(787, 8, 1013, 'Integrated zero administration ability', 'http://dummyimage.com/300x250.png/dddddd/000000', 64),
(788, 25, 1852, 'Balanced responsive matrix', 'http://dummyimage.com/300x250.png/cc0000/ffffff', 1363),
(789, 29, 1325, 'Pre-emptive bottom-line forecast', 'http://dummyimage.com/300x250.png/cc0000/ffffff', 300),
(790, 16, 960, 'Synergistic multimedia methodology', 'http://dummyimage.com/300x250.png/5fa2dd/ffffff', 1519),
(791, 17, 1930, 'Monitored cohesive projection', 'http://dummyimage.com/300x250.png/dddddd/000000', 1086),
(792, 28, 1924, 'Focused even-keeled implementation', 'http://dummyimage.com/300x250.png/ff4444/ffffff', 1006),
(793, 47, 1023, 'Horizontal 5th generation utilisation', 'http://dummyimage.com/300x250.png/dddddd/000000', 1799),
(794, 17, 2015, 'Versatile uniform Graphic Interface', 'http://dummyimage.com/300x250.png/ff4444/ffffff', 1998),
(795, 10, 1787, 'Decentralized dedicated open system', 'http://dummyimage.com/300x250.png/5fa2dd/ffffff', 1794),
(796, 13, 274, 'Customizable bandwidth-monitored moderator', 'http://dummyimage.com/300x250.png/dddddd/000000', 1247),
(797, 59, 2195, 'Streamlined logistical conglomeration', 'http://dummyimage.com/300x250.png/dddddd/000000', 454),
(798, 17, 94, 'Team-oriented tertiary capability', 'http://dummyimage.com/300x250.png/dddddd/000000', 520),
(799, 30, 54, 'Extended user-facing functionalities', 'http://dummyimage.com/300x250.png/5fa2dd/ffffff', 308),
(800, 16, 1580, 'Polarised didactic groupware', 'http://dummyimage.com/300x250.png/5fa2dd/ffffff', 993),
(801, 38, 2144, 'Reverse-engineered client-server process improvement', 'http://dummyimage.com/300x250.png/5fa2dd/ffffff', 1646),
(802, 16, 2205, 'Quality-focused interactive time-frame', 'http://dummyimage.com/300x250.png/5fa2dd/ffffff', 1275),
(803, 24, 177, 'Business-focused optimal Graphic Interface', 'http://dummyimage.com/300x250.png/5fa2dd/ffffff', 1327),
(804, 35, 1288, 'Horizontal impactful orchestration', 'http://dummyimage.com/300x250.png/5fa2dd/ffffff', 1550),
(805, 48, 1271, 'Upgradable local ability', 'http://dummyimage.com/300x250.png/5fa2dd/ffffff', 611),
(806, 27, 327, 'Cross-group logistical system engine', 'http://dummyimage.com/300x250.png/dddddd/000000', 709),
(807, 23, 197, 'Upgradable maximized adapter', 'http://dummyimage.com/300x250.png/ff4444/ffffff', 1775),
(808, 1, 1777, 'Expanded fault-tolerant analyzer', 'http://dummyimage.com/300x250.png/dddddd/000000', 1733),
(809, 33, 1318, 'Cross-group reciprocal help-desk', 'http://dummyimage.com/300x250.png/cc0000/ffffff', 515),
(810, 25, 834, 'Automated dynamic service-desk', 'http://dummyimage.com/300x250.png/5fa2dd/ffffff', 1510),
(811, 26, 597, 'Open-architected client-server Graphical User Interface', 'http://dummyimage.com/300x250.png/ff4444/ffffff', 1967),
(812, 41, 2234, 'Switchable 3rd generation firmware', 'http://dummyimage.com/300x250.png/ff4444/ffffff', 577),
(813, 24, 948, 'Vision-oriented mobile secured line', 'http://dummyimage.com/300x250.png/ff4444/ffffff', 295),
(814, 55, 910, 'Visionary intangible secured line', 'http://dummyimage.com/300x250.png/dddddd/000000', 769),
(815, 43, 1582, 'Inverse user-facing alliance', 'http://dummyimage.com/300x250.png/5fa2dd/ffffff', 858),
(816, 60, 885, 'Cross-group web-enabled hierarchy', 'http://dummyimage.com/300x250.png/dddddd/000000', 1223),
(817, 56, 319, 'Versatile static time-frame', 'http://dummyimage.com/300x250.png/ff4444/ffffff', 1405),
(818, 27, 254, 'Multi-tiered fresh-thinking strategy', 'http://dummyimage.com/300x250.png/dddddd/000000', 988),
(819, 33, 1484, 'Enhanced user-facing Graphical User Interface', 'http://dummyimage.com/300x250.png/dddddd/000000', 56),
(820, 59, 1034, 'Public-key interactive database', 'http://dummyimage.com/300x250.png/5fa2dd/ffffff', 1025),
(821, 3, 1170, 'Versatile dedicated knowledge base', 'http://dummyimage.com/300x250.png/5fa2dd/ffffff', 994),
(822, 56, 2067, 'Synchronised high-level projection', 'http://dummyimage.com/300x250.png/dddddd/000000', 322),
(823, 28, 1691, 'De-engineered responsive toolset', 'http://dummyimage.com/300x250.png/5fa2dd/ffffff', 1572),
(824, 4, 504, 'Configurable 3rd generation benchmark', 'http://dummyimage.com/300x250.png/dddddd/000000', 934),
(825, 3, 1575, 'Persistent optimal conglomeration', 'http://dummyimage.com/300x250.png/dddddd/000000', 169),
(826, 30, 1154, 'Mandatory heuristic emulation', 'http://dummyimage.com/300x250.png/cc0000/ffffff', 785),
(827, 15, 1023, 'Business-focused zero tolerance info-mediaries', 'http://dummyimage.com/300x250.png/dddddd/000000', 669),
(828, 56, 1517, 'Profit-focused human-resource forecast', 'http://dummyimage.com/300x250.png/cc0000/ffffff', 334),
(829, 8, 412, 'Horizontal composite benchmark', 'http://dummyimage.com/300x250.png/ff4444/ffffff', 331),
(830, 13, 2212, 'Implemented multi-state open system', 'http://dummyimage.com/300x250.png/5fa2dd/ffffff', 662),
(831, 13, 903, 'Multi-tiered eco-centric moratorium', 'http://dummyimage.com/300x250.png/cc0000/ffffff', 422),
(832, 18, 529, 'Programmable well-modulated policy', 'http://dummyimage.com/300x250.png/5fa2dd/ffffff', 1500),
(833, 15, 654, 'Triple-buffered didactic knowledge user', 'http://dummyimage.com/300x250.png/ff4444/ffffff', 614),
(834, 56, 1841, 'Grass-roots holistic toolset', 'http://dummyimage.com/300x250.png/5fa2dd/ffffff', 776),
(835, 1, 488, 'Multi-layered multi-tasking firmware', 'http://dummyimage.com/300x250.png/dddddd/000000', 161),
(836, 34, 454, 'Function-based intermediate artificial intelligence', 'http://dummyimage.com/300x250.png/5fa2dd/ffffff', 117),
(837, 33, 748, 'Fundamental executive functionalities', 'http://dummyimage.com/300x250.png/cc0000/ffffff', 692),
(838, 50, 868, 'Persistent composite challenge', 'http://dummyimage.com/300x250.png/cc0000/ffffff', 195),
(839, 12, 1258, 'Exclusive mission-critical monitoring', 'http://dummyimage.com/300x250.png/cc0000/ffffff', 823),
(840, 8, 962, 'Universal user-facing local area network', 'http://dummyimage.com/300x250.png/dddddd/000000', 1624),
(841, 40, 1467, 'Diverse content-based functionalities', 'http://dummyimage.com/300x250.png/dddddd/000000', 417),
(842, 23, 67, 'Adaptive modular paradigm', 'http://dummyimage.com/300x250.png/ff4444/ffffff', 1223),
(843, 47, 1973, 'User-centric grid-enabled local area network', 'http://dummyimage.com/300x250.png/5fa2dd/ffffff', 652),
(844, 35, 1401, 'Diverse holistic local area network', 'http://dummyimage.com/300x250.png/5fa2dd/ffffff', 1560),
(845, 53, 840, 'Future-proofed 6th generation algorithm', 'http://dummyimage.com/300x250.png/dddddd/000000', 1330),
(846, 4, 153, 'Function-based intermediate intranet', 'http://dummyimage.com/300x250.png/dddddd/000000', 793),
(847, 48, 939, 'Front-line systemic application', 'http://dummyimage.com/300x250.png/5fa2dd/ffffff', 330),
(848, 5, 1772, 'Persistent bi-directional support', 'http://dummyimage.com/300x250.png/cc0000/ffffff', 1076),
(849, 34, 318, 'Diverse 4th generation architecture', 'http://dummyimage.com/300x250.png/dddddd/000000', 976),
(850, 13, 801, 'Reactive needs-based system engine', 'http://dummyimage.com/300x250.png/ff4444/ffffff', 1148),
(851, 51, 1287, 'Synergistic mobile groupware', 'http://dummyimage.com/300x250.png/ff4444/ffffff', 891),
(852, 12, 805, 'Advanced hybrid database', 'http://dummyimage.com/300x250.png/dddddd/000000', 1293),
(853, 31, 2089, 'Team-oriented client-server adapter', 'http://dummyimage.com/300x250.png/dddddd/000000', 154),
(854, 21, 329, 'Business-focused 24 hour process improvement', 'http://dummyimage.com/300x250.png/dddddd/000000', 700),
(855, 25, 1837, 'Self-enabling even-keeled open architecture', 'http://dummyimage.com/300x250.png/cc0000/ffffff', 1275),
(856, 8, 820, 'Intuitive context-sensitive data-warehouse', 'http://dummyimage.com/300x250.png/dddddd/000000', 563),
(857, 57, 1367, 'Proactive 6th generation hub', 'http://dummyimage.com/300x250.png/ff4444/ffffff', 1222),
(858, 1, 1824, 'Right-sized interactive core', 'http://dummyimage.com/300x250.png/ff4444/ffffff', 734),
(859, 40, 595, 'Profit-focused zero tolerance ability', 'http://dummyimage.com/300x250.png/cc0000/ffffff', 1050),
(860, 19, 300, 'Progressive 3rd generation core', 'http://dummyimage.com/300x250.png/5fa2dd/ffffff', 925),
(861, 48, 2155, 'Reduced transitional middleware', 'http://dummyimage.com/300x250.png/dddddd/000000', 1443),
(862, 14, 1888, 'Reverse-engineered upward-trending functionalities', 'http://dummyimage.com/300x250.png/5fa2dd/ffffff', 539),
(863, 59, 772, 'Persistent coherent system engine', 'http://dummyimage.com/300x250.png/ff4444/ffffff', 1820),
(864, 58, 1964, 'Down-sized upward-trending encoding', 'http://dummyimage.com/300x250.png/cc0000/ffffff', 1398),
(865, 43, 657, 'Fundamental incremental info-mediaries', 'http://dummyimage.com/300x250.png/5fa2dd/ffffff', 1342),
(866, 49, 49, 'Total coherent definition', 'http://dummyimage.com/300x250.png/ff4444/ffffff', 546),
(867, 7, 1024, 'Team-oriented impactful archive', 'http://dummyimage.com/300x250.png/5fa2dd/ffffff', 1299),
(868, 31, 1138, 'Synchronised heuristic contingency', 'http://dummyimage.com/300x250.png/cc0000/ffffff', 200),
(869, 17, 742, 'Up-sized human-resource support', 'http://dummyimage.com/300x250.png/ff4444/ffffff', 1597),
(870, 24, 803, 'Centralized zero tolerance open system', 'http://dummyimage.com/300x250.png/cc0000/ffffff', 1796),
(871, 42, 1689, 'Advanced object-oriented moratorium', 'http://dummyimage.com/300x250.png/ff4444/ffffff', 1414),
(872, 25, 269, 'Customer-focused foreground success', 'http://dummyimage.com/300x250.png/5fa2dd/ffffff', 1544),
(873, 53, 1761, 'Ergonomic scalable encryption', 'http://dummyimage.com/300x250.png/5fa2dd/ffffff', 1899),
(874, 60, 836, 'Public-key encompassing encryption', 'http://dummyimage.com/300x250.png/dddddd/000000', 1170),
(875, 14, 652, 'Versatile full-range definition', 'http://dummyimage.com/300x250.png/dddddd/000000', 856),
(876, 2, 685, 'Expanded user-facing approach', 'http://dummyimage.com/300x250.png/5fa2dd/ffffff', 1065),
(877, 31, 2057, 'Function-based scalable monitoring', 'http://dummyimage.com/300x250.png/ff4444/ffffff', 452),
(878, 19, 1136, 'Front-line non-volatile product', 'http://dummyimage.com/300x250.png/cc0000/ffffff', 536),
(879, 46, 377, 'Assimilated scalable time-frame', 'http://dummyimage.com/300x250.png/5fa2dd/ffffff', 724),
(880, 7, 352, 'Open-source uniform migration', 'http://dummyimage.com/300x250.png/ff4444/ffffff', 1010),
(881, 51, 532, 'Cloned logistical solution', 'http://dummyimage.com/300x250.png/dddddd/000000', 1117),
(882, 20, 1803, 'Reduced directional website', 'http://dummyimage.com/300x250.png/dddddd/000000', 695),
(883, 22, 2133, 'Upgradable attitude-oriented hub', 'http://dummyimage.com/300x250.png/dddddd/000000', 1988),
(884, 40, 1394, 'Automated secondary interface', 'http://dummyimage.com/300x250.png/ff4444/ffffff', 1565),
(885, 34, 183, 'Networked value-added success', 'http://dummyimage.com/300x250.png/cc0000/ffffff', 597),
(886, 20, 984, 'Extended asymmetric middleware', 'http://dummyimage.com/300x250.png/ff4444/ffffff', 91),
(887, 25, 1492, 'Focused tertiary framework', 'http://dummyimage.com/300x250.png/ff4444/ffffff', 1516),
(888, 60, 601, 'Operative bottom-line collaboration', 'http://dummyimage.com/300x250.png/dddddd/000000', 1493),
(889, 44, 1701, 'Universal static migration', 'http://dummyimage.com/300x250.png/5fa2dd/ffffff', 1707),
(890, 4, 127, 'Profound systematic database', 'http://dummyimage.com/300x250.png/cc0000/ffffff', 655),
(891, 28, 1342, 'Organic zero defect intranet', 'http://dummyimage.com/300x250.png/cc0000/ffffff', 1107),
(892, 44, 1515, 'Reactive maximized open architecture', 'http://dummyimage.com/300x250.png/ff4444/ffffff', 1623),
(893, 42, 1231, 'De-engineered zero tolerance emulation', 'http://dummyimage.com/300x250.png/dddddd/000000', 1236),
(894, 49, 897, 'Customizable content-based portal', 'http://dummyimage.com/300x250.png/5fa2dd/ffffff', 1574),
(895, 49, 1533, 'Optional reciprocal encryption', 'http://dummyimage.com/300x250.png/dddddd/000000', 929),
(896, 35, 863, 'Mandatory human-resource internet solution', 'http://dummyimage.com/300x250.png/dddddd/000000', 549),
(897, 50, 365, 'Quality-focused object-oriented solution', 'http://dummyimage.com/300x250.png/dddddd/000000', 290),
(898, 11, 1169, 'Decentralized radical forecast', 'http://dummyimage.com/300x250.png/5fa2dd/ffffff', 1735),
(899, 42, 407, 'Automated multimedia definition', 'http://dummyimage.com/300x250.png/dddddd/000000', 136),
(900, 20, 1033, 'Quality-focused intermediate archive', 'http://dummyimage.com/300x250.png/dddddd/000000', 1994),
(901, 26, 237, 'Fundamental zero administration orchestration', 'http://dummyimage.com/300x250.png/5fa2dd/ffffff', 700),
(902, 20, 730, 'Multi-channelled multi-state core', 'http://dummyimage.com/300x250.png/cc0000/ffffff', 252),
(903, 60, 2210, 'Up-sized coherent model', 'http://dummyimage.com/300x250.png/ff4444/ffffff', 300),
(904, 5, 404, 'Expanded modular definition', 'http://dummyimage.com/300x250.png/ff4444/ffffff', 306),
(905, 55, 1099, 'Phased solution-oriented orchestration', 'http://dummyimage.com/300x250.png/dddddd/000000', 1351),
(906, 51, 1488, 'Devolved local leverage', 'http://dummyimage.com/300x250.png/cc0000/ffffff', 941),
(907, 42, 1805, 'Assimilated zero defect contingency', 'http://dummyimage.com/300x250.png/ff4444/ffffff', 327),
(908, 47, 150, 'Optimized full-range interface', 'http://dummyimage.com/300x250.png/cc0000/ffffff', 1983),
(909, 60, 2224, 'Virtual demand-driven model', 'http://dummyimage.com/300x250.png/ff4444/ffffff', 1817),
(910, 45, 1732, 'Virtual holistic local area network', 'http://dummyimage.com/300x250.png/cc0000/ffffff', 674),
(911, 2, 169, 'Open-source cohesive definition', 'http://dummyimage.com/300x250.png/cc0000/ffffff', 1761),
(912, 52, 987, 'Visionary discrete access', 'http://dummyimage.com/300x250.png/5fa2dd/ffffff', 1814),
(913, 35, 1168, 'Future-proofed real-time success', 'http://dummyimage.com/300x250.png/ff4444/ffffff', 1117),
(914, 25, 1596, 'Sharable stable system engine', 'http://dummyimage.com/300x250.png/ff4444/ffffff', 1221),
(915, 32, 1407, 'Cloned 3rd generation conglomeration', 'http://dummyimage.com/300x250.png/5fa2dd/ffffff', 471),
(916, 2, 1242, 'Digitized mission-critical orchestration', 'http://dummyimage.com/300x250.png/cc0000/ffffff', 1381),
(917, 48, 362, 'Synchronised dedicated architecture', 'http://dummyimage.com/300x250.png/dddddd/000000', 1687),
(918, 3, 1663, 'Intuitive 24 hour implementation', 'http://dummyimage.com/300x250.png/ff4444/ffffff', 1770),
(919, 7, 1137, 'Proactive national analyzer', 'http://dummyimage.com/300x250.png/5fa2dd/ffffff', 1600);
INSERT INTO `video` (`id`, `id_autore`, `durata`, `titolo`, `video_url`, `visualizzazioni`) VALUES
(920, 1, 1585, 'Profit-focused systematic superstructure', 'http://dummyimage.com/300x250.png/cc0000/ffffff', 1286),
(921, 42, 394, 'Customer-focused multimedia knowledge user', 'http://dummyimage.com/300x250.png/5fa2dd/ffffff', 26),
(922, 56, 1955, 'Self-enabling secondary secured line', 'http://dummyimage.com/300x250.png/ff4444/ffffff', 1486),
(923, 33, 995, 'Cloned regional contingency', 'http://dummyimage.com/300x250.png/ff4444/ffffff', 922),
(924, 50, 1529, 'Innovative secondary projection', 'http://dummyimage.com/300x250.png/ff4444/ffffff', 594),
(925, 6, 1738, 'Exclusive 24 hour capability', 'http://dummyimage.com/300x250.png/dddddd/000000', 295),
(926, 11, 1063, 'Triple-buffered zero tolerance help-desk', 'http://dummyimage.com/300x250.png/ff4444/ffffff', 511),
(927, 45, 70, 'Integrated scalable matrices', 'http://dummyimage.com/300x250.png/5fa2dd/ffffff', 390),
(928, 9, 2190, 'Future-proofed clear-thinking circuit', 'http://dummyimage.com/300x250.png/dddddd/000000', 1537),
(929, 56, 582, 'Inverse fault-tolerant concept', 'http://dummyimage.com/300x250.png/dddddd/000000', 647),
(930, 51, 1133, 'Proactive fresh-thinking software', 'http://dummyimage.com/300x250.png/5fa2dd/ffffff', 1676),
(931, 7, 2023, 'Operative dynamic open architecture', 'http://dummyimage.com/300x250.png/ff4444/ffffff', 1397),
(932, 27, 1578, 'Balanced fresh-thinking task-force', 'http://dummyimage.com/300x250.png/cc0000/ffffff', 1699),
(933, 57, 1413, 'Open-architected composite capacity', 'http://dummyimage.com/300x250.png/cc0000/ffffff', 217),
(934, 55, 69, 'User-centric 24 hour moratorium', 'http://dummyimage.com/300x250.png/cc0000/ffffff', 1642),
(935, 24, 613, 'Configurable cohesive artificial intelligence', 'http://dummyimage.com/300x250.png/dddddd/000000', 213),
(936, 42, 410, 'Robust impactful installation', 'http://dummyimage.com/300x250.png/5fa2dd/ffffff', 231),
(937, 59, 569, 'Synergistic tangible complexity', 'http://dummyimage.com/300x250.png/dddddd/000000', 1976),
(938, 36, 833, 'Function-based motivating solution', 'http://dummyimage.com/300x250.png/cc0000/ffffff', 888),
(939, 15, 1204, 'Multi-layered demand-driven Graphical User Interface', 'http://dummyimage.com/300x250.png/ff4444/ffffff', 224),
(940, 50, 1654, 'Future-proofed contextually-based concept', 'http://dummyimage.com/300x250.png/dddddd/000000', 857),
(941, 12, 2181, 'Ameliorated even-keeled monitoring', 'http://dummyimage.com/300x250.png/cc0000/ffffff', 21),
(942, 11, 1318, 'Compatible scalable productivity', 'http://dummyimage.com/300x250.png/5fa2dd/ffffff', 284),
(943, 16, 1230, 'Mandatory static flexibility', 'http://dummyimage.com/300x250.png/ff4444/ffffff', 377),
(944, 38, 745, 'Re-engineered dedicated solution', 'http://dummyimage.com/300x250.png/ff4444/ffffff', 98),
(945, 19, 132, 'Front-line asymmetric workforce', 'http://dummyimage.com/300x250.png/cc0000/ffffff', 1710),
(946, 24, 1849, 'Public-key even-keeled productivity', 'http://dummyimage.com/300x250.png/dddddd/000000', 121),
(947, 57, 1275, 'Compatible actuating website', 'http://dummyimage.com/300x250.png/cc0000/ffffff', 1537),
(948, 30, 495, 'Object-based global interface', 'http://dummyimage.com/300x250.png/dddddd/000000', 702),
(949, 8, 152, 'Stand-alone 6th generation installation', 'http://dummyimage.com/300x250.png/5fa2dd/ffffff', 473),
(950, 60, 1440, 'Devolved high-level access', 'http://dummyimage.com/300x250.png/5fa2dd/ffffff', 1663),
(951, 33, 1211, 'Visionary motivating forecast', 'http://dummyimage.com/300x250.png/dddddd/000000', 1661),
(952, 43, 682, 'Open-architected content-based customer loyalty', 'http://dummyimage.com/300x250.png/dddddd/000000', 170),
(953, 42, 1319, 'Automated reciprocal help-desk', 'http://dummyimage.com/300x250.png/cc0000/ffffff', 1165),
(954, 37, 1981, 'Realigned context-sensitive matrix', 'http://dummyimage.com/300x250.png/5fa2dd/ffffff', 1800),
(955, 20, 662, 'Visionary 5th generation emulation', 'http://dummyimage.com/300x250.png/dddddd/000000', 1987),
(956, 21, 1118, 'Proactive asynchronous knowledge user', 'http://dummyimage.com/300x250.png/ff4444/ffffff', 470),
(957, 43, 1590, 'User-friendly asymmetric policy', 'http://dummyimage.com/300x250.png/cc0000/ffffff', 1030),
(958, 40, 543, 'Progressive bandwidth-monitored moderator', 'http://dummyimage.com/300x250.png/5fa2dd/ffffff', 822),
(959, 26, 1058, 'Diverse neutral forecast', 'http://dummyimage.com/300x250.png/cc0000/ffffff', 24),
(960, 45, 1333, 'Compatible 4th generation firmware', 'http://dummyimage.com/300x250.png/5fa2dd/ffffff', 493),
(961, 5, 1194, 'Persistent 24/7 knowledge user', 'http://dummyimage.com/300x250.png/cc0000/ffffff', 1645),
(962, 48, 1207, 'Configurable bottom-line moderator', 'http://dummyimage.com/300x250.png/cc0000/ffffff', 908),
(963, 5, 340, 'Public-key clear-thinking approach', 'http://dummyimage.com/300x250.png/cc0000/ffffff', 97),
(964, 60, 820, 'Ergonomic clear-thinking implementation', 'http://dummyimage.com/300x250.png/5fa2dd/ffffff', 1235),
(965, 14, 928, 'Networked didactic initiative', 'http://dummyimage.com/300x250.png/dddddd/000000', 960),
(966, 10, 1766, 'Function-based executive model', 'http://dummyimage.com/300x250.png/ff4444/ffffff', 1179),
(967, 10, 1387, 'Proactive intermediate database', 'http://dummyimage.com/300x250.png/dddddd/000000', 28),
(968, 57, 1794, 'Implemented multimedia budgetary management', 'http://dummyimage.com/300x250.png/ff4444/ffffff', 1),
(969, 1, 1292, 'Managed actuating help-desk', 'http://dummyimage.com/300x250.png/cc0000/ffffff', 1730),
(970, 49, 1122, 'Polarised coherent adapter', 'http://dummyimage.com/300x250.png/5fa2dd/ffffff', 530),
(971, 60, 286, 'Distributed dedicated hierarchy', 'http://dummyimage.com/300x250.png/ff4444/ffffff', 310),
(972, 59, 485, 'Stand-alone multimedia support', 'http://dummyimage.com/300x250.png/dddddd/000000', 112),
(973, 36, 1208, 'Persistent high-level encryption', 'http://dummyimage.com/300x250.png/cc0000/ffffff', 1033),
(974, 19, 157, 'Balanced optimizing task-force', 'http://dummyimage.com/300x250.png/cc0000/ffffff', 1627),
(975, 38, 303, 'Seamless 24/7 algorithm', 'http://dummyimage.com/300x250.png/dddddd/000000', 388),
(976, 7, 582, 'Quality-focused next generation methodology', 'http://dummyimage.com/300x250.png/5fa2dd/ffffff', 883),
(977, 59, 1992, 'User-friendly grid-enabled definition', 'http://dummyimage.com/300x250.png/cc0000/ffffff', 1843),
(978, 36, 2169, 'Reverse-engineered value-added definition', 'http://dummyimage.com/300x250.png/dddddd/000000', 1347),
(979, 26, 1744, 'Integrated tertiary model', 'http://dummyimage.com/300x250.png/cc0000/ffffff', 68),
(980, 22, 2011, 'Stand-alone motivating utilisation', 'http://dummyimage.com/300x250.png/ff4444/ffffff', 1487),
(981, 44, 1855, 'Visionary scalable interface', 'http://dummyimage.com/300x250.png/cc0000/ffffff', 425),
(982, 46, 1782, 'Ergonomic zero administration collaboration', 'http://dummyimage.com/300x250.png/dddddd/000000', 1180),
(983, 19, 2041, 'Realigned intangible emulation', 'http://dummyimage.com/300x250.png/ff4444/ffffff', 1286),
(984, 25, 730, 'Compatible directional implementation', 'http://dummyimage.com/300x250.png/cc0000/ffffff', 425),
(985, 36, 1011, 'Managed leading edge alliance', 'http://dummyimage.com/300x250.png/5fa2dd/ffffff', 1812),
(986, 19, 1881, 'Profound asynchronous array', 'http://dummyimage.com/300x250.png/ff4444/ffffff', 1156),
(987, 25, 185, 'Phased global info-mediaries', 'http://dummyimage.com/300x250.png/dddddd/000000', 1761),
(988, 16, 726, 'Fundamental heuristic secured line', 'http://dummyimage.com/300x250.png/dddddd/000000', 333),
(989, 7, 2113, 'Decentralized 4th generation framework', 'http://dummyimage.com/300x250.png/5fa2dd/ffffff', 1833),
(990, 4, 1028, 'Virtual demand-driven open architecture', 'http://dummyimage.com/300x250.png/cc0000/ffffff', 1712),
(991, 41, 578, 'Integrated exuding protocol', 'http://dummyimage.com/300x250.png/dddddd/000000', 479),
(992, 32, 1850, 'Expanded contextually-based conglomeration', 'http://dummyimage.com/300x250.png/cc0000/ffffff', 1135),
(993, 52, 1992, 'Face to face 24/7 array', 'http://dummyimage.com/300x250.png/cc0000/ffffff', 1350),
(994, 29, 1849, 'Cloned hybrid middleware', 'http://dummyimage.com/300x250.png/dddddd/000000', 649),
(995, 41, 2160, 'Grass-roots static encoding', 'http://dummyimage.com/300x250.png/ff4444/ffffff', 360),
(996, 59, 378, 'Ergonomic object-oriented portal', 'http://dummyimage.com/300x250.png/cc0000/ffffff', 1390),
(997, 27, 1739, 'Re-engineered attitude-oriented circuit', 'http://dummyimage.com/300x250.png/5fa2dd/ffffff', 1435),
(998, 46, 1085, 'Face to face full-range data-warehouse', 'http://dummyimage.com/300x250.png/cc0000/ffffff', 220),
(999, 56, 944, 'Visionary modular flexibility', 'http://dummyimage.com/300x250.png/cc0000/ffffff', 1553),
(1000, 47, 671, 'Re-engineered optimal instruction set', 'http://dummyimage.com/300x250.png/dddddd/000000', 263);

--
-- Indici per le tabelle scaricate
--

--
-- Indici per le tabelle `autore`
--
ALTER TABLE `autore`
  ADD PRIMARY KEY (`id`);

--
-- Indici per le tabelle `playlist`
--
ALTER TABLE `playlist`
  ADD PRIMARY KEY (`id`);

--
-- Indici per le tabelle `video`
--
ALTER TABLE `video`
  ADD PRIMARY KEY (`id`);

--
-- AUTO_INCREMENT per le tabelle scaricate
--

--
-- AUTO_INCREMENT per la tabella `autore`
--
ALTER TABLE `autore`
  MODIFY `id` int(11) NOT NULL AUTO_INCREMENT, AUTO_INCREMENT=54;

--
-- AUTO_INCREMENT per la tabella `playlist`
--
ALTER TABLE `playlist`
  MODIFY `id` int(10) UNSIGNED NOT NULL AUTO_INCREMENT, AUTO_INCREMENT=101;

--
-- AUTO_INCREMENT per la tabella `video`
--
ALTER TABLE `video`
  MODIFY `id` int(10) NOT NULL AUTO_INCREMENT, AUTO_INCREMENT=1001;
COMMIT;

/*!40101 SET CHARACTER_SET_CLIENT=@OLD_CHARACTER_SET_CLIENT */;
/*!40101 SET CHARACTER_SET_RESULTS=@OLD_CHARACTER_SET_RESULTS */;
/*!40101 SET COLLATION_CONNECTION=@OLD_COLLATION_CONNECTION */;
